"","State","X2020.04.01","X2020.04.02","X2020.04.03","X2020.04.04","X2020.04.05","X2020.04.06","X2020.04.07","X2020.04.08","X2020.04.09","X2020.04.10","X2020.04.11","X2020.04.12","X2020.04.13","X2020.04.14","X2020.04.15","X2020.04.16","X2020.04.17","X2020.04.18","X2020.04.19","X2020.04.20","X2020.04.21","X2020.04.22","X2020.04.23","X2020.04.24","X2020.04.25","X2020.04.26","X2020.04.27","X2020.04.28","X2020.04.29","X2020.04.30","X2020.05.01","X2020.05.02","X2020.05.03","X2020.05.04","X2020.05.05","X2020.05.06","X2020.05.07","X2020.05.08","X2020.05.09","X2020.05.10","X2020.05.11","X2020.05.12","X2020.05.13","X2020.05.14","X2020.05.15","X2020.05.16","X2020.05.17","X2020.05.18","X2020.05.19","X2020.05.20","X2020.05.21","X2020.05.22","X2020.05.23","X2020.05.24","X2020.05.25","X2020.05.26","X2020.05.27","X2020.05.28","X2020.05.29","X2020.05.30","X2020.05.31","X2020.06.01","X2020.06.02","X2020.06.03","X2020.06.04","X2020.06.05","X2020.06.06","X2020.06.07","X2020.06.08","X2020.06.09","X2020.06.10","X2020.06.11","X2020.06.12","X2020.06.13","X2020.06.14","X2020.06.15","X2020.06.16","X2020.06.17","X2020.06.18","X2020.06.19","X2020.06.20"
"1","Alabama",1.49349277016517e-05,3.53937327724075e-05,5.36020692853801e-05,2.43459780341993e-05,3.08927956568412e-05,3.82579654823133e-05,4.439560700354e-05,3.25295000625016e-05,7.67205190153341e-05,4.9919484372644e-05,5.52387736910405e-05,7.07874655448149e-05,3.49845566709923e-05,4.48047831049551e-05,2.4959742186322e-05,5.52387736910405e-05,4.6236899459908e-05,2.88469151497656e-05,3.60074969245301e-05,3.90763176851435e-05,4.86919560683987e-05,5.64663019952859e-05,4.88965441191063e-05,3.96900818372662e-05,0,8.08122800294852e-05,2.41413899834918e-05,4.31680786992946e-05,3.31432642146243e-05,3.60074969245301e-05,4.21451384457569e-05,6.48544120742957e-05,5.66708900459934e-05,4.58277233584929e-05,6.64911164799562e-05,5.19653648797196e-05,7.26287580011829e-05,6.9355349189862e-05,5.78984183502388e-05,4.52139592063702e-05,5.62617139445783e-05,6.13764152122673e-05,4.82827799669836e-05,8.20398083337306e-05,5.56479497924557e-05,6.15810032629748e-05,1.98450409186331e-05,6.44452359728806e-05,5.93305347051917e-05,0.000138301522278309,4.82827799669836e-05,7.8152635370287e-05,9.14508586662782e-05,7.38562863054283e-05,0.000103930729759439,0.000135846465669818,7.8152635370287e-05,0.000101884849252364,0.000102498613404486,6.71048806320789e-05,0.000121320714069582,0.000138710698379724,2.78239748962278e-05,1.73899843101424e-05,4.52139592063702e-05,6.44452359728806e-05,0.000134209761264158,9.34967391733538e-05,8.6949921550712e-05,0.000101680261201656,0.000116001424751185,0.000175127371405669,0.000176968663862037,0.000182287953180434,0.000207452283417463,0.000134414349314865,0.000130936352452837,8.1835220283023e-05,0.000182901717332556,0.000162852088363216,0.000111909663737034
"2","Alaska",1.76286006416811e-05,1.49165082352686e-05,1.89846468448873e-05,1.89846468448873e-05,1.89846468448873e-05,6.78023101603118e-06,3.11890626737434e-05,1.76286006416811e-05,1.22044158288561e-05,1.49165082352686e-05,1.49165082352686e-05,2.03406930480935e-05,6.78023101603118e-06,1.08483696256499e-05,1.08483696256499e-05,9.49232342244365e-06,1.22044158288561e-05,6.78023101603118e-06,6.78023101603118e-06,2.71209240641247e-06,1.08483696256499e-05,8.13627721923741e-06,2.71209240641247e-06,2.71209240641247e-06,0,1.35604620320624e-06,6.78023101603118e-06,8.13627721923741e-06,5.42418481282494e-06,0,1.22044158288561e-05,1.35604620320624e-06,4.06813860961871e-06,2.71209240641247e-06,1.35604620320624e-06,1.35604620320624e-06,2.71209240641247e-06,4.06813860961871e-06,1.35604620320624e-06,1.35604620320624e-06,0,5.42418481282494e-06,0,0,6.78023101603118e-06,0,0,0,1.62725544384748e-05,1.35604620320624e-06,0,2.71209240641247e-06,5.42418481282494e-06,0,1.35604620320624e-06,2.71209240641247e-06,1.35604620320624e-06,1.76286006416811e-05,6.78023101603118e-06,5.42418481282494e-06,3.52572012833621e-05,9.49232342244365e-06,2.71209240641247e-05,2.44088316577122e-05,1.08483696256499e-05,1.49165082352686e-05,1.62725544384748e-05,1.08483696256499e-05,2.57648778609185e-05,1.35604620320624e-05,2.71209240641247e-05,2.3052785454506e-05,2.03406930480935e-05,3.93253398929808e-05,9.49232342244365e-06,4.06813860961871e-06,1.62725544384748e-05,2.71209240641247e-05,1.62725544384748e-05,1.76286006416811e-05,2.84769702673309e-05
"3","Arizona",1.72903124331569e-05,2.55171546392558e-05,2.41227746043237e-05,3.48595008733002e-05,3.48595008733002e-05,2.66326586672014e-05,1.60353704017181e-05,2.10551385274733e-05,4.07158970200146e-05,1.31071723283609e-05,3.91820789815894e-05,2.07762625204869e-05,2.27283945693917e-05,1.45015523632929e-05,2.16128905414461e-05,3.80665749536438e-05,3.8206012957137e-05,2.97002947440518e-05,2.9142542730079e-05,1.88241304715821e-05,2.62143446567218e-05,3.02580467580246e-05,4.16919630444671e-05,3.80665749536438e-05,3.36045588418614e-05,3.45806248663138e-05,2.66326586672014e-05,3.20707408034362e-05,3.5417252887273e-05,6.21893495579676e-05,4.37835330968651e-05,5.50780113798143e-05,3.84848889641234e-05,3.9600392992069e-05,5.31258793309095e-05,5.60540774042667e-05,3.31862448313818e-05,8.10134800295497e-05,6.05160935160492e-05,2.21706425554189e-05,3.6811632922205e-05,4.92216152330999e-05,6.69302416767364e-05,6.3862605599886e-05,6.90218117291344e-05,6.93006877361208e-05,3.8903202974603e-05,3.66721949187118e-05,5.13131852854979e-05,4.60145411527563e-05,6.16315975439948e-05,3.84848889641234e-05,5.98189034985832e-05,4.51779131317971e-05,2.76087246916538e-05,4.0297583009535e-05,6.33048535859132e-05,7.79458439526993e-05,8.29656120784545e-05,0.000109598270745656,9.45389663683902e-05,2.69115346741878e-05,0.000158262133964783,0.000152266299814575,7.39021418513965e-05,0.000216547219424941,0.000141111259535119,0.000214455649372543,9.60727844068154e-05,8.61726861587981e-05,0.000216965533435421,0.000197304774942879,0.000247084142189952,0.000226029003662479,0.000145852151653888,0.000158680447975263,0.000326424366177583,0.000244295382120088,0.000349710512760948,0.000483152682103941,0.000448572057237627
"4","Arkansas",2.02400603883769e-05,1.95764518510531e-05,2.02400603883769e-05,1.29403664778147e-05,3.11896012542201e-05,1.26085622091528e-05,2.35581030749961e-05,1.79174305077435e-05,3.9484707970768e-05,1.72538219704196e-05,1.89128433137292e-05,1.72538219704196e-05,4.31345549260491e-05,2.91987756422486e-05,2.35581030749961e-05,1.69220177017577e-05,2.48853201496437e-05,1.62584091644339e-05,1.22767579404909e-05,6.37064195830879e-05,5.64067256725258e-06,9.48960208373081e-05,0.000107172778777799,7.00107006876643e-05,3.35122311348536e-05,2.98623841795725e-05,2.25626902690103e-05,1.92446475823911e-05,2.18990817316865e-05,2.91987756422486e-05,1.85810390450673e-05,1.16131494031671e-05,2.15672774630246e-05,1.79174305077435e-05,1.12813451345052e-05,2.85351671049248e-05,3.05259927168963e-05,1.45993878211243e-05,0,8.79281311954078e-05,1.02859323285194e-05,4.01483165080919e-05,2.3889907343658e-05,4.31345549260491e-05,3.21850140602059e-05,3.81574908961204e-05,6.00565726278069e-05,1.79174305077435e-05,3.64984695528108e-05,2.65443414929533e-05,0.000150970942241172,5.10978573739351e-05,5.40840957918924e-05,4.87752274933017e-05,3.5503056746825e-05,5.01024445679494e-05,3.21850140602059e-05,8.66009141207602e-05,7.9301220210198e-05,7.83058074042123e-05,7.96330244788599e-05,6.30428110457641e-05,0.000124426600748219,8.26192628968172e-05,0.000118785928180966,7.49877647175931e-05,0.000149311920897862,0.000107836387315123,0.000104186540359842,0.000112813451345052,9.55596293746319e-05,0.000148648312360539,0.000242548920391861,0.00018182873922673,0.000134712533076738,0.000138030575763357,9.09143696133651e-05,0.000137698771494695,0.000106840974509137,0.000233258400869327,0.000169551981286239
"5","California",2.97544975869659e-05,3.48863268224409e-05,3.09932149886322e-05,2.0754836464655e-05,5.55400434992048e-05,2.50271475030554e-05,3.35464896328833e-05,3.90827980199229e-05,2.05525968888728e-05,3.46588072996858e-05,1.60780462746901e-05,2.73781825715242e-05,2.86674598671362e-05,3.67823228453996e-05,3.27880912236999e-05,2.50524274500282e-05,3.74143215197192e-05,3.42290482011485e-05,2.32575512149606e-05,5.70062804236262e-05,4.53522248691731e-05,4.73240607330502e-05,5.58434028628782e-05,4.53522248691731e-05,2.56085862834294e-05,3.01084168445848e-05,3.57205650725427e-05,3.01336967915576e-05,6.52981030306991e-05,3.49621666633592e-05,4.7930779460397e-05,3.33948099510466e-05,3.93355974896507e-05,2.47996279803003e-05,6.50200236139985e-05,5.46046854612118e-05,3.87288787623039e-05,4.17624723990379e-05,7.00760130085551e-05,2.59877854880212e-05,4.37090283159422e-05,4.17371924520651e-05,4.59589435965199e-05,5.24053300745796e-05,4.6060063384411e-05,5.13688522486955e-05,3.64284035877806e-05,3.41784883072029e-05,5.67787609008711e-05,5.69810004766534e-05,5.15205319305322e-05,5.62478820144427e-05,5.77141189388641e-05,3.80463201940388e-05,6.06971526816525e-05,7.63959997517509e-05,3.99170362700247e-05,6.93176145993716e-05,7.14158501981126e-05,8.2336787290355e-05,5.19755709760423e-05,7.03288124782829e-05,6.2744828386448e-05,5.4579405514239e-05,7.12894504632487e-05,9.0729729685319e-05,7.13652903041671e-05,5.18491712411784e-05,7.98593524870222e-05,7.2427048077024e-05,7.66993591154243e-05,9.41425225266447e-05,8.1401429252362e-05,8.53198210331434e-05,5.85230772419932e-05,8.5370380927089e-05,8.17806284569537e-05,9.69991565345693e-05,0.000109588570127015,9.42689222615087e-05,0.000110751447687763
"6","Colorado",6.60162891682018e-05,6.77720415396965e-05,7.81309805315154e-05,6.88254929625933e-05,6.7596466302547e-05,4.09090302558272e-05,4.31915083387703e-05,3.96800035957809e-05,9.60396547207616e-05,5.4603898753486e-05,6.67185901167997e-05,7.26881481798817e-05,6.82987672511449e-05,4.45961102359661e-05,5.7939828259326e-05,6.93522186740418e-05,6.53139882196039e-05,6.90010681997428e-05,5.09168187733471e-05,6.70697405910986e-05,6.33826606109597e-05,7.33904491284796e-05,6.7947616776846e-05,0.000171712581932184,0.000125009568850425,8.30470871717006e-05,7.69019538714691e-05,7.67263786343196e-05,7.7604254820067e-05,9.23525747406227e-05,8.93677957090817e-05,7.58485024485723e-05,7.19858472312839e-05,4.96877921133008e-05,7.88332814801133e-05,8.16424852745049e-05,9.44594775864164e-05,8.02378833773091e-05,9.62152299579111e-05,5.75886777850271e-05,3.09012417383072e-05,4.88099159275534e-05,5.58329254135324e-05,6.37338110852586e-05,6.91766434368923e-05,7.04056700969386e-05,5.35504473305892e-05,4.63518626074608e-05,4.91610664018524e-05,5.53061997020839e-05,6.91766434368923e-05,5.1970270196244e-05,8.37493881202985e-05,3.68707998013893e-05,1.43971694462568e-05,5.1970270196244e-05,3.54661979041935e-05,6.19780587137639e-05,8.62074414403912e-05,8.53295652546438e-05,4.91610664018524e-05,3.49394721927451e-05,3.70463750385388e-05,4.77564645046566e-05,5.26725711448418e-05,4.47716854731156e-05,4.09090302558272e-05,2.68630112838693e-05,3.19546931612041e-05,2.87943388925135e-05,2.65118608095704e-05,2.5985135098122e-05,3.07256665011577e-05,3.42371712441472e-05,1.98400017978904e-05,2.96722150782609e-05,2.51072589123746e-05,4.02067293072293e-05,4.03823045443787e-05,5.02145178247492e-05,2.82676131810651e-05
"7","Connecticut",0.000120078428847933,7.4734127045217e-05,0.000305094376326916,0.000101324921312242,0.000111681335921504,0.000344560713081131,0.000244915210354175,0,0.000560645904387901,0.000211046935550912,0.000272065810816295,0.000146949126212505,0.000376749569299109,0.000170181083308958,0.000214405772721484,0.000316010597131273,0.000258910365231557,0.000207408195282793,0.000115320076189623,0.000518660439755757,0.000152547188163458,0.00059031563272795,0.000176618854552554,0.000233998989549818,0.000181097304113316,0.000192013524917674,0.000203769455014674,8.81694757275031e-05,0.000127355909384171,0.000261149590011938,0.000297816895790677,0.00014638932001741,0,0.000192013524917674,0.000181377207210864,0.000104683758482813,0.000220843543965079,0.000175499242162363,0.000160384474894791,0.000159544765602149,5.90595535825497e-05,0.000158984959407053,0.000146109416919862,0.000170460986406506,0.000173819823577078,0.000172980114284435,0.000200410617844102,0.000195092458990697,8.78895726299555e-05,0.000164303118260458,5.34614916315971e-05,0.000120918138140576,0.000106922983263194,0.000124836781506243,0.00011336075450679,0.00012035833194548,-4.19854646321444e-06,7.58537394354075e-05,5.68203288021687e-05,7.27748053623835e-05,5.01026544610256e-05,0.000150867769578172,6.68968403138833e-05,3.13491469253344e-05,4.14256584370491e-05,6.1858584558026e-05,0.000100205308922051,4.19854646321443e-05,3.4707984095906e-05,2.43515694866437e-05,4.70237203880017e-05,3.19089531204297e-05,6.38179062408594e-05,8.53704447520269e-05,2.63108911694771e-05,4.11457553395015e-05,3.19089531204297e-05,2.23922478038103e-05,3.07893407302392e-06,3.27486624130726e-05,4.42246894125254e-05
"8","Delaware",5.06632229460974e-05,2.5848583135764e-05,5.89347695495419e-05,0.00014785389553657,8.27154660344448e-05,0.000113733765797362,0.000149921782187431,0.000194381345180945,9.61567292650421e-05,0.000120971369075376,0.000158193328790876,0.000150955725512862,0.000137514462282264,0.000173702478672334,9.09870126378893e-05,5.79008262241113e-05,0.000255384001381348,0.000228501474920154,0,0.000214026268364126,0.000192313458530084,0.000278130754540821,0.0001116658791465,0.000138548405607695,0.000138548405607695,0.000473546043047196,0.000132344745655112,0.000427018593402821,8.27154660344448e-05,8.16815227090142e-05,0.000190245571879223,0.000124073199051667,0.000175770365323195,8.27154660344448e-05,8.58172960107365e-05,0.000420814933450238,0.00016646487539432,0.000177838251974056,0.000171634592021473,0,0.000297775677724001,0.000181974025275779,0.000218162041665848,0.000280198641191682,0.000155091498814584,0.000179906138624917,0.000127175029027959,0.000205754721760681,0.000173702478672334,0.000162329102092598,0.000198517118482667,0.00014785389553657,0,0.000289504131120557,0.000161295158767167,0.000104428275868487,3.10182997629168e-05,7.7545749407292e-05,6.72063161529864e-05,0.000192313458530084,7.85796927327226e-05,0.00011063193582107,8.27154660344448e-05,2.79164697866251e-05,3.5154073064639e-05,2.79164697866251e-05,7.44439194310003e-05,0.000100292502566764,3.10182997629168e-05,4.96292796206669e-05,3.72219597155002e-05,5.1697166271528e-05,6.92742028038475e-05,5.79008262241113e-05,3.61880163900696e-05,7.85796927327226e-05,6.51384295021253e-05,4.2391676342653e-05,5.68668828986808e-05,0.000115801652448223,7.23760327801392e-05
"9","Florida",1.00942166007608e-05,9.63410812314475e-05,5.91568042649239e-05,5.95793528668162e-05,3.81702237042723e-05,4.57291486936793e-05,5.73257603233905e-05,4.27713084804331e-05,4.2630458946469e-05,5.47904687120366e-05,4.52127004024775e-05,6.57767323612368e-05,5.27716253918845e-05,2.85924553947132e-05,4.14567128301014e-05,3.90622707527116e-05,6.64809800310573e-05,3.44142361318962e-05,3.85927723061646e-05,3.49776342677526e-05,3.80293741703082e-05,2.06579316480687e-05,6.28658419926453e-05,4.15506125194108e-05,1.43666524643387e-05,3.25362423457081e-05,2.84516058607491e-05,3.33343897048381e-05,1.6197696405872e-05,2.33340727933866e-05,4.87339387515802e-05,3.45081358212056e-05,2.88741544626414e-05,3.84519227722005e-05,2.54468158028482e-05,2.64327625405969e-05,3.87805716847834e-05,1.74183923668943e-05,3.76537754130706e-05,2.79351575695474e-05,1.81226400367148e-05,4.41798038200741e-05,2.2488975589602e-05,3.79354744809988e-05,4.3569455839563e-05,3.15972454526141e-05,3.64800292967031e-05,4.00951673351151e-05,2.35688220166602e-05,2.47425681330277e-05,5.65276129642606e-05,3.64330794520484e-05,3.17380949865782e-05,3.47428850444791e-05,4.12689134514826e-05,2.38974709292431e-05,1.77939911241319e-05,3.05643488702107e-05,5.69032117214982e-05,4.35225059949083e-05,3.46959351998244e-05,3.13155463846859e-05,2.89680541519508e-05,6.18329454102419e-05,6.66218295650214e-05,6.12695472743854e-05,5.96263027114709e-05,5.54008166925478e-05,4.53535499364416e-05,5.14570297415528e-05,6.43682370215958e-05,7.97208362236831e-05,8.92986045332423e-05,0.000121177549053785,9.46508868238782e-05,8.25378269029652e-05,0.000130661417674034,0.000122539094548771,0.000150568151807628,0.000179442306270269,0.000190099921006886
"10","Georgia",6.73988007956671e-05,6.74938625739402e-05,4.5914838905934e-05,3.12753250518681e-05,4.62950860190266e-05,6.34062061081946e-05,0.000143353161635918,0.000102571658756735,6.32160825516483e-05,8.73617742330297e-05,6.40716385561066e-05,2.78531010340345e-05,8.2038314649733e-05,0.000120063025958995,3.88802673137205e-05,6.48321327822919e-05,0.000144969211866562,4.51543446797488e-05,6.00790438686341e-05,0.00010513832677011,4.50592829014756e-05,0.000126717350438116,6.35963296647409e-05,5.77975611900784e-05,6.94901599176765e-05,2.5096309464113e-05,7.75704110708947e-05,5.89383025293563e-05,8.10876968670014e-05,4.64852095755729e-05,0.000116450678384615,8.00420173059967e-05,3.17506339432339e-05,7.47185577227e-05,5.19987927154159e-05,7.08210248135007e-05,8.31790559890109e-05,5.35197811677864e-05,3.86901437571742e-05,9.430128404697e-05,4.01160704312715e-05,8.76469595678492e-05,4.78160744713971e-05,5.22839780502354e-05,7.55741137271584e-05,4.18271824401883e-05,3.4887672626248e-05,6.69234919043013e-05,5.43753371722448e-05,8.99284422464049e-05,8.19432528714598e-05,7.78555964057142e-05,7.2246951487598e-05,6.27407736602825e-05,4.73407655800313e-05,5.54210167332495e-05,6.22654647689167e-05,5.96987967555415e-05,5.84629936379905e-05,4.27778002229199e-05,6.95852216959496e-05,7.97568319711773e-05,2.89938423733124e-05,6.53074416736577e-05,9.17346160335948e-05,7.24370750441443e-05,7.01555923655886e-05,5.12382984892307e-05,5.694200518562e-05,7.14864572614128e-05,6.94901599176765e-05,9.43963458252432e-05,7.70000404012558e-05,9.70580756168915e-05,8.33691795455572e-05,6.96802834742228e-05,6.31210207733751e-05,9.04988129160438e-05,8.38444884369229e-05,0.000104282770765651,0.000171111200891679
"11","Hawaii",1.40796386601534e-05,2.25274218562455e-05,4.43508617794833e-05,2.25274218562455e-05,1.40796386601534e-05,1.12637109281227e-05,1.61915844591764e-05,0,2.25274218562455e-05,0,1.61915844591764e-05,2.39353857222608e-05,3.51990966503836e-06,4.9278735310537e-06,9.15176512909973e-06,4.22389159804603e-06,7.74380126308438e-06,2.32314037892532e-05,4.22389159804603e-06,2.81592773203069e-06,1.40796386601534e-06,4.22389159804603e-06,2.81592773203069e-06,3.51990966503836e-06,2.81592773203069e-06,7.03981933007671e-07,7.03981933007671e-07,1.40796386601534e-06,2.81592773203069e-06,3.51990966503836e-06,7.03981933007671e-07,7.03981933007671e-07,0,7.03981933007671e-07,2.81592773203069e-06,7.03981933007671e-07,2.11194579902301e-06,0,1.40796386601534e-06,7.03981933007671e-07,1.40796386601534e-06,7.03981933007671e-07,2.11194579902301e-06,-7.03981933007671e-07,7.03981933007671e-07,7.03981933007671e-07,7.03981933007671e-07,0,7.03981933007671e-07,1.40796386601534e-06,2.81592773203069e-06,-3.51990966503836e-06,7.03981933007671e-07,0,0,0,7.03981933007671e-07,2.11194579902301e-06,1.40796386601534e-06,1.40796386601534e-06,7.03981933007671e-07,0,7.03981933007671e-07,0,1.40796386601534e-06,6.33583739706904e-06,6.33583739706904e-06,1.40796386601534e-06,7.03981933007671e-07,4.22389159804603e-06,2.11194579902301e-06,4.9278735310537e-06,9.8557470621074e-06,1.19676928611304e-05,3.51990966503836e-06,5.63185546406137e-06,0,5.63185546406137e-06,1.26716747941381e-05,1.90075121912071e-05,0
"12","Idaho",2.90729491599628e-05,0.000119712143599847,6.55566500665828e-05,7.46775752932377e-05,3.19232382932925e-05,1.31113300133166e-05,3.93339900399497e-05,2.28023130666375e-05,1.25412721866506e-05,6.95470548532443e-05,2.39424287199694e-05,6.27063609332531e-06,1.08310987066528e-05,2.16621974133056e-05,5.13052043999343e-06,6.49865922399168e-05,1.25412721866506e-05,2.62226600266331e-05,7.41075174665718e-06,2.28023130666375e-06,3.648370090662e-05,1.71017347999781e-05,3.99040478666156e-05,1.93819661066419e-05,9.69098305332093e-06,5.70057826665937e-06,0,3.13531804666265e-05,0,1.824185045331e-05,1.7671792626644e-05,2.62226600266331e-05,0,2.56526021999672e-05,1.19712143599847e-05,1.7671792626644e-05,1.14011565333187e-05,0,1.53915613199803e-05,1.42514456666484e-05,1.71017347999781e-05,1.88119082799759e-05,0,3.30633539466243e-05,0,3.87639322132837e-05,0,2.05220817599737e-05,0,2.90729491599628e-05,0,5.07351465732684e-05,0,1.7671792626644e-05,0,0,4.16142213466134e-05,4.04741056932815e-05,0,1.88119082799759e-05,2.05220817599737e-05,0,5.35854357065981e-05,0,3.24932961199584e-05,6.89769970265784e-05,1.59616191466462e-05,0,2.85028913332968e-05,1.824185045331e-05,2.22322552399715e-05,0,5.30153778799321e-05,0,2.62226600266331e-05,0,3.5913643079954e-05,9.69098305332093e-05,6.3276418759919e-05,7.29674018132399e-05,7.58176909465696e-05
"13","Illinois",7.73874742172563e-05,5.6117691749836e-05,9.48899151406317e-05,0.000114040567989527,7.07946265151777e-05,7.87217410141056e-05,0.000101325790278375,0.000119691580305594,0.000105485563233258,0.000114982403375538,0.00010148276284271,0.000131229063784232,9.2064408982598e-05,9.59887230909782e-05,0.000105564049515426,8.95528479532347e-05,0.000144728704317059,0.000124165298389148,9.39480797546205e-05,9.07301421857488e-05,0.000121339792231114,0.00016073990587925,0.000143629896366713,0.000213561173778047,0.00016631243191315,0.000166861835888323,0.000155402838691853,0.000174161060129911,0.000177065052570112,0.000200924882349063,0.00024621146715977,0.000192291391310627,0.000234987928809803,0.000178791750777799,0.000165763027937977,0.000183893359118693,0.000207125298640304,0.000226746869182204,0.000182480606039676,0.00012997328326955,9.93636332241851e-05,0.000315043936620757,0.000131307550066399,0.000254531013069536,0.00019087863823161,0.000163879357165955,0.000136095213278623,0.000180047531292481,0.000121261305948946,0.000187425241816235,0.000178163860520458,0.000216308193653913,0.000184599735658202,0.000196843595676348,0.000134447001353103,9.2456840393436e-05,8.71982594882067e-05,0.000119848552869929,0.000127304749675852,0.000114746944529035,0.00010540707695109,7.64456388312451e-05,0.000126676859418511,7.70735290885859e-05,7.2913756133703e-05,9.07301421857488e-05,7.65241251134127e-05,6.80476066393116e-05,5.16439736662826e-05,6.25535668875794e-05,4.90539263547517e-05,6.01204921403837e-05,4.66993378897236e-05,5.28212678987966e-05,5.2742781616629e-05,3.71240114652761e-05,4.88969537904165e-05,4.28535100635111e-05,4.65423653253884e-05,5.43125072599811e-05,4.97603028942601e-05
"14","Indiana",6.06705621351734e-05,7.08321341184044e-05,5.9624517960429e-05,7.71083991668706e-05,6.8441176004703e-05,8.14420107479545e-05,8.27869246869115e-05,6.47053039520445e-05,6.09694318993861e-05,8.30857944511242e-05,7.89016177521467e-05,7.36713968784249e-05,6.44064341878319e-05,2.51050601938649e-05,6.47053039520445e-05,8.6971101385889e-05,9.14541478490791e-05,7.27747875857868e-05,8.51778828006129e-05,7.12804387647234e-05,6.11188667814924e-05,5.09572947982614e-05,8.98103641459094e-05,9.59371943122693e-05,0.000107294245352351,9.16035827311855e-05,0.000141813703118915,9.36956710806742e-05,8.8764319971165e-05,9.7580978015439e-05,0.000118800731274539,9.93741966007151e-05,9.53394547838439e-05,8.57756223290383e-05,7.8602747987934e-05,0.000125076996323005,9.45922803733122e-05,9.60866291943756e-05,8.75688409143143e-05,5.88773435498974e-05,7.48668759352756e-05,7.47174410531692e-05,5.17044692087931e-05,8.66722316216763e-05,9.01092339101221e-05,9.32473664343552e-05,7.44185712889565e-05,7.12804387647234e-05,6.72456969478523e-05,8.50284479185066e-05,9.89258919543961e-05,7.06826992362981e-05,7.35219619963185e-05,7.09815690005108e-05,5.06584250340487e-05,5.42448622046009e-05,5.36471226761755e-05,9.42934106090996e-05,7.32230922321059e-05,9.7580978015439e-05,5.42448622046009e-05,3.82553298192226e-05,6.08199970172798e-05,7.09815690005108e-05,5.7382994728834e-05,7.20276131752551e-05,6.26132156025558e-05,5.97739528425354e-05,3.37722833560325e-05,6.12683016635988e-05,4.54282041603269e-05,6.14177365457051e-05,5.94750830783227e-05,5.93256481962164e-05,5.46931668509199e-05,7.78555735774023e-05,5.31988180298565e-05,3.39217182381388e-05,6.35098248951939e-05,4.60259436887522e-05,4.70719878634966e-05
"15","Iowa",1.58421111831047e-05,2.12284289853603e-05,2.6931589011278e-05,2.78821156822643e-05,2.59810623402917e-05,2.43968512219812e-05,3.16842223662094e-05,3.13673801425473e-05,3.96052779577618e-05,3.73873823921271e-05,3.86547512867755e-05,2.43968512219812e-05,3.89715935104376e-05,5.98831802721358e-05,3.0416853471561e-05,4.62589646546657e-05,6.051686471946e-05,5.7348442482839e-05,0.000123251625004555,8.14284514811582e-05,0.000152717951805129,3.39021179318441e-05,5.57642313645286e-05,0.000165074798527951,0.000204996918709375,0.000121667413886244,0.000124202151675541,0.000160955849620344,0.000147965318450198,9.56863515459524e-05,0.000234146403286288,0.000240483247759529,0.000168560062988234,0.000167292694093586,0.000129271627254134,9.28347715329936e-05,0.000207531656498672,0.000126103205017513,6.78042358636881e-05,9.12505604146831e-05,0.000131172680596107,0.000170777958553869,0.000119449518320609,0.000122301098333568,0.000118498991649623,8.83989804017243e-05,0.000102340038242856,9.63200359932766e-05,0.000108043198268774,0.000102656880466518,0.000174263223014152,0.000102023196019194,0.00012863794280681,0.000111845304952719,9.69537204406008e-05,4.62589646546657e-05,0.000211016920958955,6.87547625346744e-05,0.000117548464978637,9.0933718191021e-05,9.7587404887925e-05,4.65758068783278e-05,0.00010138951157187,8.90326648490484e-05,0.00016032216517302,0.000110261093834409,0.000102656880466518,7.414108033693e-05,9.34684559803178e-05,7.28737114422816e-05,0.000123251625004555,0.000109944251610747,0.000119449518320609,0.000116281096083989,6.62200247453777e-05,4.94273868912867e-05,3.07336956952231e-05,8.90326648490484e-05,0.0001270537316885,0.000130855838372445,7.03389736529849e-05
"16","Kansas",1.7516713864479e-05,2.3355618485972e-05,2.61033383078511e-05,2.36990834637069e-05,1.82036438199488e-05,3.36595678180185e-05,2.16382935972976e-05,4.60243070164743e-05,2.40425484414418e-05,3.43464977734883e-07,5.42674664821115e-05,2.36990834637069e-05,1.57993889758046e-05,1.7516713864479e-05,2.16382935972976e-05,3.8124612528572e-05,3.94984724395115e-05,3.12553129738743e-05,2.88510581297302e-05,4.91154918160882e-05,3.98419374172464e-05,5.73586512817254e-05,0.000133951341316604,8.17446647009021e-05,6.04498360813394e-05,4.87720268383534e-05,6.7319135636037e-05,6.1480231014544e-05,6.42279508364231e-05,0.000197148897219823,7.59057600794091e-05,8.62097094114556e-05,9.30790089661532e-05,7.79665499458184e-05,9.1018219099744e-05,0.000118495417318535,0.000116434627452125,0.000115060767541186,5.5641326393051e-05,4.19027272836557e-05,7.14407153688556e-05,2.78206631965255e-05,9.54832638102974e-05,6.42279508364231e-05,6.21671609700138e-05,1.82036438199488e-05,4.80850968828836e-06,0.000120212742207209,1.71732488867441e-05,5.2893606571172e-05,4.05288673727162e-05,9.75440536767067e-05,1.27082041761907e-05,1.99209687086232e-05,4.15592623059208e-05,2.54164083523813e-05,3.15987779516092e-05,2.74771982187906e-05,9.99483085208509e-05,9.61701937657672e-06,3.43464977734883e-06,7.55622951016742e-05,1.54559239980697e-05,4.36200521723301e-05,2.57598733301162e-05,4.77416319051487e-05,1.88905737754186e-05,1.54559239980697e-05,4.73981669274138e-05,2.23252235527674e-05,4.84285618606185e-05,2.50729433746464e-05,5.15197466602324e-05,1.61428539535395e-05,2.78206631965255e-05,7.48753651462045e-05,3.15987779516092e-05,8.00273398122277e-05,3.74376825731022e-05,9.20486140329486e-05,2.61033383078511e-05
"17","Kentucky",8.95174606044846e-07,3.08835239085472e-05,0,3.28976667721481e-05,8.50415875742603e-06,0,4.3415968393175e-05,0,4.29683810901526e-05,7.87753653319464e-05,0,6.04242859080271e-05,1.23086508331166e-05,6.71380954533634e-06,3.62545715448162e-05,5.03535715900226e-05,1.94700476814754e-05,4.14018255295741e-05,5.66197938323365e-05,2.0141428636009e-05,3.44642223327266e-05,3.89400953629508e-05,2.26031588026324e-05,6.71380954533634e-05,3.04359366055247e-05,3.80449207569059e-05,1.5889349257296e-05,4.90108096809553e-05,3.62545715448162e-05,3.82687144084171e-05,3.89400953629508e-05,-6.71380954533634e-07,5.61722065293141e-05,2.57362699237893e-05,0.000129128936921969,2.50648889692557e-05,4.36397620446862e-05,3.55831905902826e-05,3.40166350297041e-05,0,5.30390954081571e-05,3.93876826659732e-05,0,8.32512383621706e-05,4.90108096809553e-05,5.46056509687356e-05,0,5.52770319232692e-05,2.99883493025023e-05,2.19317778480987e-05,2.66314445298342e-05,3.13311112115696e-05,3.24500794691257e-05,0,0,8.50415875742603e-05,2.81980000904126e-05,2.41697143632108e-05,6.2438428771628e-05,5.37104763626907e-05,0,7.65374288168343e-05,3.11073175600584e-05,5.03535715900226e-05,6.60191271958074e-05,6.08718732110495e-05,6.93760319684755e-05,0,4.2297000135619e-05,5.16963334990898e-05,3.93876826659732e-05,1.38752063936951e-05,4.94583969839777e-05,6.2438428771628e-05,0,4.52063176052647e-05,0,7.78801907259016e-05,4.52063176052647e-05,5.75149684383813e-05,3.93876826659732e-05
"18","Louisiana",0.000254722232594231,0.000584766709199056,0.000246353094370832,0.000471890639827055,0.000110300949918648,0.000398499735406476,0.000304078688783509,0.000160086592683485,0.000268885389587676,0.000208155489146086,0.000163305492000177,0.000124678700199872,9.0343774155157e-05,0.000107725830465294,9.29188936085106e-05,0.000124678700199872,0.00012575166663877,9.91420989541152e-05,7.46784641472556e-05,0.000127683006228785,7.10303782550046e-05,8.6695688262906e-05,0.000103219371421925,8.60519083995676e-05,7.98287030539629e-05,5.60088481104417e-05,6.33050198949437e-05,4.67813367359245e-05,8.02578896295219e-05,7.31763111327993e-05,0.000152361234323424,9.20605204573927e-05,4.2918657555894e-05,7.14595648305636e-05,6.93136319527689e-05,8.64810949751265e-05,5.4292101808206e-05,4.35624374192324e-05,0.000120601427732062,3.9270571663643e-05,4.61375568725861e-05,5.04294226281755e-05,0.000131331092121036,0.000177468648993622,7.46784641472556e-05,6.00861205782517e-05,6.75968856505331e-05,5.94423407149132e-05,7.06011916794457e-05,5.96569340026927e-05,0.000254936825882011,9.0343774155157e-05,0,5.23607622181907e-05,0.000137339704178861,5.25753555059702e-05,9.50648264863053e-05,6.54509527727384e-05,0,0.000166309798029089,7.27471245572404e-05,9.12021473062748e-05,8.69102815506854e-05,8.3047602370655e-05,9.20605204573927e-05,9.16313338818338e-05,0.000106652864026397,7.08157849672252e-05,5.0214829340396e-05,0.000120601427732062,8.96999942918185e-05,9.48502331985258e-05,0.000112232289508663,0.000276396154659958,7.2103344693902e-05,0.000118670088142047,0.000114592815674237,0.000199142571059348,0,-2.5536601245757e-05,0.000186696160368139
"19","Maine",0,5.45425745888386e-05,4.18408791366433e-05,1.79318053442757e-05,1.04602197841608e-05,2.16675981243332e-05,1.49431711202298e-05,1.34488540082068e-05,1.71846467882642e-05,1.94261224562987e-05,2.24147566803446e-05,1.27016954521953e-05,4.85653061407467e-05,2.76448665724251e-05,2.61505494604021e-05,1.94261224562987e-05,2.31619152363561e-05,1.49431711202298e-05,1.49431711202298e-05,5.97726844809191e-06,9.71306122814935e-06,1.41960125642183e-05,2.24147566803446e-05,2.09204395683217e-05,0,3.73579278005744e-05,5.97726844809191e-06,1.27016954521953e-05,1.19545368961838e-05,2.9139183684448e-05,2.09204395683217e-05,2.24147566803446e-05,2.39090737923676e-05,1.49431711202298e-05,1.56903296762413e-05,2.09204395683217e-05,5.67840502568731e-05,3.28749764645055e-05,2.54033909043906e-05,2.09204395683217e-05,1.94261224562987e-05,1.12073783401723e-05,2.83920251284366e-05,3.73579278005744e-05,2.83920251284366e-05,3.3622135020517e-05,2.9139183684448e-05,1.94261224562987e-05,2.09204395683217e-05,5.82783673688961e-05,4.33351962486663e-05,5.30482574768157e-05,4.85653061407467e-05,3.13806593524825e-05,1.41960125642183e-05,2.61505494604021e-05,2.09204395683217e-05,3.88522449125974e-05,2.76448665724251e-05,4.18408791366433e-05,3.2127817908494e-05,1.79318053442757e-05,2.09204395683217e-05,3.0633500796471e-05,2.09204395683217e-05,2.68977080164136e-05,3.13806593524825e-05,3.43692935765285e-05,1.34488540082068e-05,1.34488540082068e-05,2.31619152363561e-05,2.24147566803446e-05,4.03465620246204e-05,2.68977080164136e-05,2.68977080164136e-05,1.27016954521953e-05,6.72442700410339e-06,1.27016954521953e-05,3.13806593524825e-05,2.61505494604021e-05,1.86789639002872e-05
"20","Maryland",5.39492327790243e-05,5.70935132170656e-05,7.06635656338753e-05,6.07342589874292e-05,8.14203145008587e-05,7.08290540779828e-05,5.39492327790243e-05,0.000191635618276411,0.000108560419334478,0.000129577451736123,0.000120144610421999,8.78743638210487e-05,0.000117662283760387,8.87018060415859e-05,9.26735287001644e-05,0.000124447309968792,0.00013040489395666,0.000124778286857007,8.62194793799744e-05,0.000138513827717924,8.42336180506851e-05,9.6314274470528e-05,0.000159199883231354,0.000145464342370437,0.000190311710723552,0.000134873081947561,0.000149932530361337,0.000103595766011255,0.000121799494863073,0.000147781180587941,0.000286295008305865,0.000165653932551544,0.000163668071222255,0.000156552068125635,0.000117331306872172,0.000173100912536378,0.000200406505814106,0.000183857661403362,0.000173597377868701,0.000174259331645131,0.000130073917068445,0.000113856049545916,0.000124281821524685,0.000180547892521213,0.000179223984968354,0.000162509652113503,0.000138348339273817,0.000158537929454924,0.000295231384287667,0.000128584521071478,0.000199910040481783,0.000147781180587941,0.000177238123639064,0.000135369547279883,0.000138844804606139,8.85363175974785e-05,0.000121799494863073,0.000212818139122163,0.000211659720013411,0.000169956632098337,0.000126267682853974,9.08531558149826e-05,0.000140334200603106,0.000133549174394701,0.000144967877038114,0.000150925461025982,0.000117827772204495,8.12548260567513e-05,7.13255194103051e-05,8.27442220537182e-05,9.28390171442718e-05,0.000121137541086643,6.88431927486936e-05,0.000114518003322346,6.55334238665448e-05,5.47766749995615e-05,6.23891434285035e-05,9.26735287001644e-05,4.30269954679335e-05,5.27908136702722e-05,6.75192851958341e-05
"21","Massachusetts",0.000161978537409146,0.000177915602807184,0.000208051144650746,0.000193273138554384,0.000110690163310007,0.000193707785792512,0.000197764493348376,0.00023007327138258,0.00031164206973799,0.000294545945038277,0.000273248230369991,0.000378867509235167,0.000201676318491531,0.000187912489284135,0.000254268634305055,0.000327724017548737,0.00040625028523725,0.000286577412339258,0.00024789380814584,0.000228624447255485,0.000228914212080904,0.00025818045944821,0.000451018950764465,0.00072050023840401,0.000352788674947469,0.000234419743763863,0.000223408680397946,0.000274986819322504,0.000290923884720541,0.00029121364954596,0.000315409012468436,0.000297008946054338,0.000272378935893734,0.000155024181599093,0.000183421134490142,0.000272958465544572,0.000260788342876979,0.000253833987066927,0.000213122029095576,0.000161543890171018,0.000106198808516014,0.000139231998613765,0.00018646366515704,0.000261222990115108,0.000192114079252708,0.00023007327138258,0.000163137596710822,0.000154444651948256,0.000138362704137508,0.000164151773599788,0.000174728189727576,0.000135609938296029,0.000122425638739471,0.000154589534360965,9.53326275628069e-05,6.66459098463392e-05,8.72192124510786e-05,0.000111559457786263,9.88098054678333e-05,0.000129379994549524,0.000100693276833056,4.88253730830789e-05,5.1867903749977e-05,6.21545550523467e-05,6.82396163861429e-05,7.15719118784599e-05,8.3307387307924e-05,4.40442534636676e-05,2.75276584147923e-05,3.81040745425809e-05,3.86836041934186e-05,7.40349128945202e-05,5.67939057820977e-05,4.86804906703695e-05,3.01355418435621e-05,1.26047699057207e-05,2.82520704783394e-05,3.85387217807092e-05,3.92631338442563e-05,3.30331900977507e-05,4.14363700348978e-05
"22","Michigan",0.000176672170581683,0.000151361831308089,0.000199181365587843,0.000151461872174783,0.00015336264864197,0.000155263425109157,0.000182474540849937,0.000143258521105872,0.000122149898233428,9.82401310935517e-05,0.000122149898233428,6.83279119520324e-05,0.00014395880717273,0.000142058030705543,0.000110245035096837,8.22335924225046e-05,0.000125951451167802,8.06329385553999e-05,6.57268494179872e-05,6.36259912174123e-05,7.24295874864882e-05,0.000135655415237124,0.000144158888906118,0.000148560687040656,4.59187578125664e-05,7.51306908872274e-05,4.9420188146858e-05,0.000113246261097658,0.000121349571299876,0.000109944912496755,0.000104642746561971,9.00367800246401e-05,6.23254599503897e-05,3.01123008749074e-05,5.66231305488292e-05,8.24336741558927e-05,6.7427544151786e-05,7.58309769540857e-05,5.06206785471865e-05,4.10167553445583e-05,5.45222723482543e-05,6.32258277506361e-05,5.56227218818887e-05,0.000134855088303572,6.43262772842706e-05,5.05206376804925e-05,6.48264816177409e-05,8.92364530910877e-05,6.10249286833672e-05,8.57350227567962e-05,6.66272172182336e-05,5.55226810151947e-05,5.03205559471044e-05,3.49142624762215e-05,2.26092358728541e-05,3.53144259429977e-05,6.18252556169195e-05,5.24214141476793e-05,7.17293014196299e-05,3.92160197440655e-05,4.86198612133056e-05,2.17088680726077e-05,3.12127504085419e-05,4.17170414114166e-05,3.22131590754823e-05,8.42344097563855e-05,9.30380060254614e-06,5.50224766817245e-06,1.3505517003696e-05,6.3025746017248e-06,1.50061300041067e-06,2.67109114073099e-05,2.23091132727719e-05,1.64067021378233e-05,2.18089089393017e-05,3.10126686751538e-06,1.84075194717042e-05,2.28093176062421e-05,3.01123008749074e-05,2.99122191415193e-05,4.48183082789319e-05
"23","Minnesota",1.06929399329446e-05,9.44543027410104e-06,8.19792061525751e-06,1.37226062472789e-05,1.24750965884353e-05,9.08899894300289e-06,1.47919002405733e-05,1.51483315716715e-05,1.53265472372206e-05,1.71087038927113e-05,1.62176255649659e-05,3.45738391165208e-05,0,1.31879592506316e-05,2.03165858725947e-05,0,4.65142887083089e-05,2.47719775113216e-05,2.61977028357142e-05,2.03165858725947e-05,1.72869195582604e-05,2.76234281601068e-05,3.92074464207968e-05,4.33064067284255e-05,4.65142887083089e-05,2.78016438256559e-05,3.72470740997569e-05,6.59397962531582e-05,8.25138531492223e-05,8.76821074501455e-05,0.000105860105336151,8.94642641056363e-05,7.68109518516519e-05,0.000101761145028523,0.00010995906564378,0.000129741004519728,0.000140077513121574,0.000128849926191982,0.000125107397215452,8.57217351291057e-05,9.40978714099123e-05,0.000123859887556608,7.53852265272592e-05,9.23157147544215e-05,0.000143463610767006,0.000129919220185277,0.000124572750218804,0.00012546382854655,0.000117087692265743,0.000114236241616958,9.44543027410104e-05,0.000143463610767006,0.000149701159061224,0.000129741004519728,0.000132236023837415,0.000114949104279154,8.98206954367344e-05,8.60781664602038e-05,0.000104077948680661,0.000117444123596841,0.00011762233926239,6.38012082665693e-05,5.34646996647229e-05,6.45140709287656e-05,7.18209132162777e-05,0.000125998475543197,9.28503617510687e-05,6.86130312363943e-05,6.02368949555878e-05,5.32864839991738e-05,6.16626202799804e-05,7.96624025004371e-05,8.53653037980075e-05,6.71873059120017e-05,5.32864839991738e-05,3.95638777518949e-05,3.36827607887754e-05,7.37812855373176e-05,6.75437372430999e-05,6.34447769354711e-05,7.77020301793972e-05
"24","Mississippi",4.55377980465624e-05,3.48230220356065e-05,6.06054518119691e-05,3.24791647832099e-05,6.12751253126538e-05,3.34836750342371e-05,5.92661048105996e-05,2.94656340301286e-05,8.60530448379892e-05,6.99808808215555e-05,5.79267578092301e-05,4.65423082975895e-05,5.39087168051217e-05,4.85513287996437e-05,9.14104328434672e-05,8.83969020903858e-05,5.65874108078606e-05,6.06054518119691e-05,0.000100451025102711,7.96911465814842e-05,6.83066970698436e-05,5.9600941560942e-05,8.6722718338674e-05,9.40891268462061e-05,9.50936370972332e-05,6.46234928160775e-05,6.12751253126538e-05,8.30395140849079e-05,7.60079423277181e-05,8.23698405842232e-05,0.000132930189885921,7.66776158284029e-05,3.64972057873184e-05,0.000109491617361955,0.000110496127612982,7.26595748242944e-05,8.77272285897011e-05,0.000135274047138318,9.64329840986027e-05,4.11849202921116e-05,5.79267578092301e-05,7.83517995801147e-05,6.09402885623114e-05,0.000131590842884552,0.000106478086608874,0.000107817433610243,5.79267578092301e-05,4.55377980465624e-05,9.10755960931248e-05,8.80620653400435e-05,8.53833713373045e-05,0.000134939210387975,0.000127237965130101,8.53833713373045e-05,6.62976765677894e-05,9.14104328434672e-05,0.000104803902857162,0.000109826454112298,0.000140966271894138,0.000145988823149274,9.84420046006569e-05,7.66776158284029e-05,9.67678208489451e-05,9.40891268462061e-05,7.96911465814842e-05,6.99808808215555e-05,9.04059225924401e-05,7.73472893290876e-05,0.000166748701670501,0.000118867046371542,0.000120541230123253,0,0.000203580744208161,8.60530448379892e-05,5.62525740575183e-05,9.47588003468909e-05,0.000118197372870857,0.000163735170917419,0,0,0
"25","Missouri",4.12963326897852e-05,3.26453222844152e-05,1.97504199820712e-05,5.68028607748824e-05,1.56697546965193e-05,7.54106944769991e-05,4.84783035923566e-05,3.0033696501662e-05,3.96640665755645e-05,6.447451151172e-05,4.01537464098307e-05,2.26884989876686e-05,2.93807900559737e-05,2.70956174960646e-05,2.04033264277595e-05,4.9457663260889e-05,3.46040416214801e-05,3.15027360044607e-05,2.74220707189088e-05,2.64427110503763e-05,3.24820956729931e-05,3.11762827816165e-05,4.35815052496943e-05,3.96640665755645e-05,2.69323908846425e-05,2.72588441074867e-05,2.75852973303308e-05,2.39943118790452e-05,2.77485239417529e-05,3.18291892273048e-05,3.81950270727658e-05,4.22756923583177e-05,4.2928598804006e-05,4.66828108667137e-05,3.2155642450149e-05,4.11331060783631e-05,3.85214802956099e-05,2.38310852676231e-05,2.59530312161101e-05,1.90975135363829e-05,1.74652474221621e-05,1.90975135363829e-05,3.11762827816165e-05,2.67691642732205e-05,3.08498295587724e-05,2.87278836102854e-05,2.00768732049153e-05,2.41575384904672e-05,2.1545912707714e-05,2.87278836102854e-05,2.39943118790452e-05,3.4440815010058e-05,2.59530312161101e-05,4.06434262440969e-05,2.53001247704218e-05,2.80749771645971e-05,2.46472183247335e-05,3.4440815010058e-05,2.44839917133114e-05,2.72588441074867e-05,2.82382037760191e-05,3.49304948443242e-05,4.37447318611164e-05,3.96640665755645e-05,4.70092640895579e-05,2.72588441074867e-05,4.71724907009799e-05,1.46903950279868e-05,3.63995343471229e-05,3.4440815010058e-05,3.06866029473503e-05,3.13395093930386e-05,8.32455718252587e-06,3.83582536841878e-05,4.89679834266228e-06,5.69660873863045e-05,4.01537464098307e-05,3.46040416214801e-05,4.92944366494669e-05,4.83150769809345e-05,6.36583784546096e-05
"26","Montana",9.41349235859758e-06,3.1064524783372e-05,1.88269847171952e-06,2.07096831889147e-05,1.97683339530549e-05,1.22375400661769e-05,1.88269847171952e-05,1.22375400661769e-05,2.07096831889147e-05,1.03548415944573e-05,1.12961908303171e-05,9.41349235859758e-06,6.5894446510183e-06,4.70674617929879e-06,4.70674617929879e-06,1.03548415944573e-05,6.5894446510183e-06,3.76539694343903e-06,6.5894446510183e-06,0,3.76539694343903e-06,1.88269847171952e-06,2.82404770757927e-06,1.88269847171952e-06,9.41349235859758e-07,2.82404770757927e-06,9.41349235859758e-07,1.88269847171952e-06,0,1.88269847171952e-06,0,1.88269847171952e-06,0,1.88269847171952e-06,-9.41349235859758e-07,0,0,1.88269847171952e-06,0,0,9.41349235859758e-07,1.88269847171952e-06,9.41349235859758e-07,0,3.76539694343903e-06,1.88269847171952e-06,0,1.88269847171952e-06,9.41349235859758e-07,6.5894446510183e-06,9.41349235859758e-07,0,0,0,0,0,1.88269847171952e-06,3.76539694343903e-06,7.53079388687806e-06,1.12961908303171e-05,9.41349235859758e-06,3.76539694343903e-06,3.76539694343903e-06,1.88269847171952e-06,1.31788893020366e-05,1.88269847171952e-06,-9.41349235859758e-07,4.70674617929879e-06,2.82404770757927e-06,5.64809541515855e-06,6.5894446510183e-06,1.88269847171952e-06,9.41349235859758e-06,1.41202385378964e-05,1.22375400661769e-05,7.53079388687806e-06,4.70674617929879e-06,1.50615877737561e-05,2.35337308964939e-05,1.03548415944573e-05,3.01231755475122e-05
"27","Nebraska",1.96965895873461e-05,1.86599269774858e-05,1.71049330626953e-05,2.17699148070667e-05,2.22882461119969e-05,2.74715591612985e-05,1.55499391479048e-05,3.73198539549715e-05,2.53982339415778e-05,3.47281974303207e-05,3.31732035155302e-05,4.76864800535747e-05,1.19216200133937e-05,4.30214983092033e-05,2.07332521972064e-06,2.64348965514382e-05,5.90897687620382e-05,9.48546288022193e-05,0.000116624543609286,9.01896470578478e-05,1.91782582824159e-05,6.63464070310605e-05,0.000201630877617832,0.000115069549694496,0.000152907734954397,0.00016120103583328,0.000170012668017092,8.24146774838954e-05,0.000173122655846673,0.000222882461119969,0.000376826858684226,0.000160164373223419,0.000178305968895975,0.00019489257065374,0.000174159318456534,0.000163792692357931,0.000334323691679953,0.000250872351586197,0.000142541108855794,4.04298417845525e-05,0.000122326187963518,6.479141311627e-05,0.000196965895873461,0.000180379294115696,0.000181415956725556,0.000316182096007398,-2.22882461119969e-05,0.000232212424608712,0.000118697868829007,0.000138912789721283,0.000158091048003699,0.000121807856658588,0.000156017722783978,8.86346531430574e-05,0.000118179537524076,0.000133211145367051,0.000189190926299508,0.000137357795806492,0.000206814190667134,0.000133211145367051,0.000101592935766311,0.000126472838402959,0.000140467783636073,0.000139431121026213,0.000131656151452261,0.000138394458416353,8.60429966184066e-05,4.76864800535747e-05,6.32364192014795e-05,6.84197322507811e-05,7.25663826902224e-05,0.000133211145367051,0.000107294580120543,6.11630939817589e-05,4.66498174437144e-05,6.27180878965494e-05,9.69279540219399e-05,0.000100037941851521,9.48546288022193e-05,9.01896470578478e-05,6.1681425286689e-05
"28","Nevada",5.4376626355461e-05,6.06381772691201e-05,1.68073208735061e-05,7.51386109639097e-05,3.72397501707097e-05,3.22964205020314e-05,5.63539582229323e-05,4.44899670181044e-05,6.4922396315308e-05,8.7661712791228e-05,-6.59110622490436e-06,4.41604117068592e-05,5.07515179317636e-05,4.74559648193114e-05,2.53757589658818e-05,9.88665933735654e-07,0.000102162146486018,3.36146417470123e-05,3.36146417470123e-05,3.36146417470123e-05,3.52624183032383e-05,4.74559648193114e-05,4.18535245281427e-05,6.26155091365914e-05,4.64672988855758e-05,6.42632856928175e-05,-1.12048805823374e-05,3.98761926606714e-05,3.72397501707097e-05,3.9217082038181e-05,6.42632856928175e-05,4.64672988855758e-05,2.73530908333531e-05,5.20697391767445e-05,9.88665933735654e-06,2.66939802108627e-05,3.75693054819549e-05,2.14210952309392e-05,8.27183831225498e-05,-1.68073208735061e-05,1.0545769959847e-05,5.30584051104801e-05,5.37175157329706e-05,9.22754871486611e-06,7.5468166275155e-05,2.63644248996175e-05,4.48195223293497e-05,3.69101948594644e-05,1.15344358935826e-05,9.62301508836037e-05,3.95466373494262e-06,4.11944139056523e-05,3.29555311245218e-07,0.000116992135492052,2.47166483433914e-05,3.3285086435767e-05,3.06486439458053e-05,3.22964205020314e-05,4.21830798393879e-05,4.64672988855758e-05,3.65806395482192e-05,2.43870930321461e-05,5.1410628554254e-05,3.06486439458053e-05,5.86608454016488e-05,5.93199560241393e-05,5.99790666466297e-05,5.86608454016488e-05,4.84446307530471e-05,7.5468166275155e-05,5.70130688454227e-05,8.40366043675306e-05,7.61272768976454e-05,9.65597061948489e-05,6.72292834940245e-05,3.75693054819549e-05,0.00012127635453824,5.63539582229323e-05,0.000103809923042244,0.000116992135492052,0.000148959000682839
"29","NewHampshire",7.37214126791983e-06,8.25679822007021e-05,0,4.4970061734311e-05,5.97143442701506e-05,6.92981279184464e-05,0,2.35908520573435e-05,5.30794171290228e-05,0,4.86561323682709e-05,3.24374215788473e-05,4.12839911003511e-05,-4.64444899878949e-05,0.00015997546551386,0,0.000109107690765214,4.05467769735591e-05,3.53862780860152e-05,4.2021205227143e-05,3.17002074520553e-05,7.22469844256144e-05,6.04515583969426e-05,3.68607063395992e-05,5.67654877629827e-05,4.93933464950629e-05,5.45538453826068e-05,5.30794171290228e-05,3.53862780860152e-05,6.48748431576945e-05,0.000120903116793885,8.7728481088246e-05,6.56120572844865e-05,5.16049888754388e-05,3.53862780860152e-05,7.74074833131582e-05,7.51958409327823e-05,7.66702691863663e-05,4.71817041146869e-05,4.4232847607519e-05,6.56120572844865e-05,5.82399160165667e-05,4.4232847607519e-05,6.11887725237346e-05,5.23422030022308e-05,7.59330550595743e-05,2.94885650716793e-05,4.12839911003511e-05,5.08677747486468e-05,0.000108370476638422,4.93933464950629e-05,5.82399160165667e-05,5.52910595093987e-05,4.4232847607519e-05,3.53862780860152e-05,2.50652803109274e-05,4.05467769735591e-05,7.59330550595743e-05,7.59330550595743e-05,0,0.000117217046159925,2.50652803109274e-05,4.71817041146869e-05,3.39118498324312e-05,5.97143442701506e-05,5.67654877629827e-05,4.86561323682709e-05,1.76931390430076e-05,2.65397085645114e-05,0,7.29841985524063e-05,2.28536379305515e-05,3.09629933252633e-05,3.53862780860152e-05,1.40070684090477e-05,1.99047814233835e-05,1.40070684090477e-05,5.30794171290228e-05,1.03209977750878e-05,2.65397085645114e-05,2.35908520573435e-05
"30","NewJersey",0.000399505192781742,0.000374360724340294,0.000483245252859061,0.00047471409392357,0.000379524320538092,0.000402423747154409,0.000373350455518986,0.000339113567685766,0.000402985007610692,0.000399729696964254,0.000399954201146767,0.000415220485557646,0.000306897217495162,0.000475948866927391,0.000247628113311751,0.000481224715216444,0.000353594087457849,0.000331480425480327,0.000435650366166322,0.00038401440418835,0.000411403914454926,0.000395913125861535,0.000461468347155308,0.000243699290117775,0.000370656405328831,0.000397372403047869,0.000241341996201389,0.000299488579472236,0.000281640496962458,0.000256720532703524,0.000284895807608896,0.000283661034605075,0.000339787080233305,0.000171184439166102,0.000260873860080013,0.000145590962359629,0.000235841643729823,0.000207554116733195,0.000174776506086308,0.000152326087835016,0.00016299003650438,7.98112368833431e-05,7.21780946779038e-05,0.00012841639239739,0.000143682676808269,0.000124038560838388,0.000158836709127891,0.000194869630421215,0.000125273333842209,0.000159397969584173,9.09241939177327e-05,0.000111466326617665,6.29734231948741e-05,0.000113823620534051,0.00010529246159856,7.54334053243412e-05,9.69858068455815e-05,6.25244148298483e-05,0.000186226219394467,8.57605977199355e-05,9.39550003816571e-05,5.30952391643056e-05,7.03820612178005e-05,5.87078437271286e-05,5.18604661604846e-05,9.04751855527068e-05,6.25244148298483e-05,3.04203167305007e-05,3.73799463884012e-05,3.35633752856816e-05,6.17386501910531e-05,5.27584828905363e-05,3.90637277572481e-05,4.95031722440989e-05,3.0981577186783e-05,2.49199642589341e-05,3.62574254758366e-05,3.10938292780394e-05,4.53498448676099e-05,4.3666063498763e-05,3.79412068446835e-05
"31","NewMexico",5.72675367514417e-06,2.19525557547193e-05,5.58358483326557e-05,7.63567156685889e-06,5.63130778055844e-05,2.95882273215782e-05,5.15407830762975e-05,1.28851957690744e-05,2.0998096808862e-05,0.000103081566152595,4.77229472928681e-06,7.34933388310169e-05,8.11290103978758e-06,3.96100462530805e-05,6.63348967370867e-05,0,5.39269304409409e-05,9.59231240586649e-05,2.2429785227648e-05,6.01309135890138e-05,0,0.000114057844029955,8.06517809249471e-05,6.77665851558727e-05,6.63348967370867e-05,3.14971452132929e-05,4.72457178199394e-05,7.11071914663735e-05,0.000114057844029955,9.44914356398788e-05,4.86774062387255e-05,0.000104513254571381,5.63130778055844e-05,8.63785346000913e-05,5.10635536033689e-05,7.30161093580882e-05,9.64003535315936e-05,8.59013051271626e-05,5.01090946575115e-05,4.05645051989379e-05,9.83092714233083e-05,6.82438146288014e-05,7.25388798851595e-05,6.63348967370867e-05,7.58794861956603e-05,8.8287452491806e-05,4.342788203651e-05,7.54022567227316e-05,4.58140294011534e-05,5.96536841160851e-05,7.39705683039455e-05,7.30161093580882e-05,0,0.000151758972391321,3.96100462530805e-05,4.96318651845828e-05,5.82219956972991e-05,5.34497009680123e-05,6.15626020077998e-05,6.25170609536572e-05,3.10199157403643e-05,5.29724714950836e-05,0.000106899401936025,5.5358618859727e-05,0.000101649877733809,0.000152236201864249,6.10853725348712e-05,6.68121262100153e-05,5.82219956972991e-05,2.05208673359333e-05,6.91982735746587e-05,5.58358483326557e-05,7.58794861956603e-05,4.53367999282247e-05,4.86774062387255e-05,5.82219956972991e-05,4.19961936177239e-05,6.29942904265859e-05,4.19961936177239e-05,5.10635536033689e-05,8.11290103978758e-05
"32","NewYork",0.000415255000087247,0.000437923880560279,0.00053632626690258,0.00055500378693115,0.000477274600839649,0.000442887495471981,0.000412440579261024,0.000572402024765982,0.000548453862099213,0.000540829340224537,0.000444064435090219,0.0004097285010103,0.000343666368525687,0.000372066433226663,0.00058509250412786,0.000472669184942194,0.000353388913198093,0.000351904945853358,0.000302319968024086,0.000257596262531017,0.000261127081385733,0.00024065856628593,0.000268035205231916,0.00041602256940349,0.000540010599620544,0.000302012940297589,0.000202177757898301,0.000159142704900966,0.000234620354331488,0.000239532797955441,0.000201717216308556,0.00023861171477595,0.000175926887282804,0.000129872728308248,0.000114572513271146,0.000142563207670126,0.000178638965533528,0.000150341243408051,0.000138930046239911,0.000116312337054629,8.49443376641812e-05,7.31749414817946e-05,0.000111348722142927,0.000122299377721321,0.000141335096764138,0.000123783345066057,9.66625625588182e-05,6.39641096868834e-05,7.54264781427729e-05,7.80362138179978e-05,0.00010684564882097,8.67865040231634e-05,9.06755218921259e-05,8.13111762339662e-05,6.39129383991339e-05,5.48556204674712e-05,5.77723838691931e-05,9.04708367411279e-05,7.93666672994849e-05,7.04116919433212e-05,5.68001294019525e-05,4.81521817722858e-05,6.80066414190944e-05,5.34739956982345e-05,5.3627509561483e-05,5.50091343307197e-05,5.66977868264534e-05,3.99647757323647e-05,3.59222440001537e-05,3.49499895329131e-05,3.44894479431675e-05,3.76620677836369e-05,4.20627985300945e-05,4.68728995785482e-05,3.55128736981577e-05,3.17261984046942e-05,3.22890825699387e-05,2.90141201539703e-05,3.16238558291952e-05,4.07323450486074e-05,3.66386420286468e-05
"33","NorthCarolina",1.34827738303212e-05,2.90842692625501e-05,2.63877144964858e-05,2.26317989294678e-05,1.56978009595883e-05,3.01436300635039e-05,3.24549627201304e-05,1.92611054718875e-05,2.28244099841866e-05,2.20539657653111e-05,3.74628501428211e-05,2.08019939096384e-05,3.04325466455822e-05,2.18613547105923e-05,2.18613547105923e-05,2.87953526804717e-05,3.91000441079315e-05,2.72544642427207e-05,2.62914089691264e-05,2.83138250436746e-05,2.30170210389055e-05,3.47662953767569e-05,3.12992963918171e-05,4.52635978589355e-05,4.6034042077811e-05,2.20539657653111e-05,3.12029908644577e-05,4.17965988739958e-05,4.09298491277608e-05,5.5279372704317e-05,3.04325466455822e-05,4.98862631721885e-05,1.75276059794176e-05,1.93574109992469e-05,5.19086792467367e-05,5.22939013561744e-05,4.69007918240459e-05,4.48783757494978e-05,4.54562089136544e-05,4.43005425853411e-05,3.23586571927709e-05,3.35143235210842e-05,7.03030349723892e-05,5.93242048534134e-05,5.0656707391064e-05,6.12503154006021e-05,5.22939013561744e-05,5.14271516099395e-05,3.08177687550199e-06,9.85205544887043e-05,2.40763818398593e-05,0.000153896232720381,7.26143676290157e-05,4.82490692070781e-05,6.66434249327306e-05,3.8329599889056e-05,4.43968481127006e-05,8.51340861857425e-05,0.000104491497184989,8.75417243697285e-05,9.54387776132023e-05,7.77185605790659e-05,4.15076822919175e-05,0.000120670825781375,7.69481163601904e-05,0.000117492743378513,0.000137042765432479,8.73491133150096e-05,8.5904530404618e-05,6.83769244252005e-05,0.000119996687089859,0.000106995440896335,0.000176528031649849,0.000137524293069276,0.000136657543323041,8.18596982555217e-05,7.63702831960338e-05,9.89057765981421e-05,0.000118744715234186,0.000155822343267569,0.000154570371411897
"34","NorthDakota",2.63131235387994e-05,2.23661550079795e-05,1.84191864771596e-05,1.71035303002196e-05,2.76287797157393e-05,2.36818111849194e-05,1.57878741232796e-05,1.84191864771596e-05,2.36818111849194e-05,1.18409055924597e-05,1.97348426540995e-05,1.97348426540995e-05,3.02600920696193e-05,1.31565617693997e-05,3.15757482465592e-05,3.68383729543191e-05,0,0.000177613583886896,7.49924020855782e-05,5.52575594314786e-05,2.23661550079795e-05,4.60479661928989e-05,3.9469685308199e-05,5.13105909006587e-05,7.23610897316982e-05,8.42019953241579e-05,9.86742132704976e-05,6.44671526700584e-05,5.52575594314786e-05,4.47323100159589e-05,5.26262470775987e-05,6.05201841392385e-05,4.99949347237188e-05,4.47323100159589e-05,5.39419032545387e-05,7.49924020855782e-05,6.31514964931185e-05,7.10454335547583e-05,5.13105909006587e-05,3.55227167773791e-05,3.55227167773791e-05,6.97297773778183e-05,9.99898694474376e-05,8.55176515010979e-05,6.44671526700584e-05,0.000114462087393777,6.84141212008783e-05,4.0785341485139e-05,8.2886339147218e-05,0.000132881273870937,0.000176297927709956,0.000115777743570717,6.31514964931185e-05,6.97297773778183e-05,5.13105909006587e-05,-4.60479661928989e-05,2.23661550079795e-05,5.52575594314786e-05,5.13105909006587e-05,4.47323100159589e-05,3.02600920696193e-05,6.31514964931185e-05,2.76287797157393e-05,4.34166538390189e-05,3.55227167773791e-05,5.13105909006587e-05,9.34115885627377e-05,5.92045279622986e-05,2.49974673618594e-05,2.76287797157393e-05,5.26262470775987e-05,5.13105909006587e-05,4.73636223698388e-05,5.52575594314786e-05,2.89444358926793e-05,2.76287797157393e-05,3.02600920696193e-05,5.52575594314786e-05,3.55227167773791e-05,4.34166538390189e-05,3.28914044234992e-05
"35","Ohio",2.97704543980799e-05,3.02837380945985e-05,3.51599332115254e-05,3.65286897355751e-05,2.60063739569434e-05,3.50743859287723e-05,2.81450560257709e-05,3.13103054876358e-05,3.11392109221296e-05,3.13103054876358e-05,3.18235891841544e-05,3.02837380945985e-05,3.17380419014013e-05,2.6519657653462e-05,4.35435669213295e-05,5.3039315306924e-05,5.92842669479005e-05,9.538522026971e-05,0.000118055250199282,0.000112665771385837,6.89511098990012e-05,3.35345348392164e-05,4.93607821485405e-05,4.0634959307724e-05,3.57587641907971e-05,3.29357038599447e-05,3.01981908118454e-05,3.79829935423778e-05,4.56822489901571e-05,6.19362327132467e-05,6.12518544512219e-05,5.06439913898371e-05,4.95318767140467e-05,4.79064783417378e-05,4.23459049627861e-05,5.19272006311336e-05,4.74787419279723e-05,7.57093452364963e-05,5.82576995548633e-05,3.28501565771916e-05,5.95409087961598e-05,4.04638647422178e-05,4.02927701767116e-05,5.44080718309736e-05,5.10717278036026e-05,4.44845870316137e-05,3.84107299561433e-05,4.54256071418978e-05,4.26025468110454e-05,4.14048848525019e-05,6.25350636925184e-05,5.36381462861957e-05,5.25260316104054e-05,4.30302832248109e-05,4.84197620382564e-05,4.52545125763916e-05,3.70419734320937e-05,4.07205065904771e-05,5.56912810722702e-05,3.99505810456992e-05,4.10626957214895e-05,4.02927701767116e-05,3.13103054876358e-05,3.78118989768716e-05,4.19181685490206e-05,4.07205065904771e-05,3.01981908118454e-05,3.12247582048827e-05,3.08825690738702e-05,2.78028668947585e-05,3.53310277770316e-05,3.66997843010813e-05,3.59298587563033e-05,3.65286897355751e-05,2.54075429776716e-05,3.66142370183282e-05,3.71275207148468e-05,3.52454804942785e-05,5.98830979271722e-05,5.20982951966398e-05,4.53400598591447e-05
"36","Oklahoma",3.8802164501396e-05,4.05774269295644e-05,2.76433720957658e-05,4.3367125030972e-05,2.35856294028093e-05,1.90206688732333e-05,3.67732931549178e-05,1.31876637521084e-05,4.05774269295644e-05,2.7389763177456e-05,1.87670599549236e-05,2.58681096675973e-05,2.5107282912668e-05,2.91650256056244e-05,2.00351045464724e-05,2.38392383211191e-05,2.7389763177456e-05,0,2.58681096675973e-05,2.86578077690049e-05,3.22083326253418e-05,2.20639758929507e-05,3.11938969521027e-05,2.63753275042169e-05,1.85134510366138e-05,1.52165350985867e-05,6.847440794364e-06,3.27155504619613e-05,1.5977361853516e-05,3.67732931549178e-05,3.29691593802711e-05,2.61217185859071e-05,3.06866791154831e-05,1.8259842118304e-05,2.10495402197115e-05,1.90206688732333e-05,3.24619415436516e-05,2.38392383211191e-05,1.67381886084453e-05,2.5107282912668e-05,6.08661403943467e-06,3.01794612788635e-05,3.1954723707032e-05,2.66289364225267e-05,3.14475058704124e-05,3.80413377464667e-05,1.85134510366138e-05,2.23175848112604e-05,2.30784115661898e-05,1.09051834873204e-05,3.75341199098471e-05,4.28599071943524e-05,2.81505899323853e-05,1.95278867098529e-05,1.34412726704182e-05,1.21732280788693e-05,2.30784115661898e-05,1.11587924056302e-05,1.64845796901356e-05,2.02887134647822e-05,0,3.93093823380155e-05,3.01794612788635e-05,2.86578077690049e-05,2.58681096675973e-05,2.53608918309778e-05,1.31876637521084e-05,2.30784115661898e-05,1.39484905070378e-05,4.00702090929449e-05,3.04330701971733e-05,3.62660753182982e-05,5.65547887830804e-05,5.68083977013902e-05,4.00702090929449e-05,4.71712588056187e-05,5.78228333746293e-05,6.56847098422324e-05,0.00011437762215771,8.92703392450418e-05,8.39445519605364e-05
"37","Oregon",1.09766524216762e-05,2.14760590858883e-05,1.74194701474427e-05,0,4.03272665057235e-05,0,1.52718642388539e-05,1.16925210578725e-05,3.34072030224928e-05,2.38622878732092e-07,1.16925210578725e-05,3.72251690822063e-05,1.36015040877292e-05,1.16925210578725e-05,7.15868636196275e-06,1.74194701474427e-05,1.16925210578725e-05,1.40787498451934e-05,1.5749109996318e-05,1.12152753004083e-05,1.12152753004083e-05,1.3124258330265e-05,1.62263557537822e-05,1.19311439366046e-05,1.8135338783639e-05,1.38401269664613e-05,1.02607837854799e-05,7.39730924069484e-06,1.45559956026576e-05,1.52718642388539e-05,1.64649786325143e-05,1.33628812089971e-05,1.07380295429441e-05,1.88512074198352e-05,1.90898302985673e-05,1.83739616623711e-05,1.74194701474427e-05,1.88512074198352e-05,2.19533048433524e-05,1.62263557537822e-05,1.38401269664613e-05,1.71808472687106e-05,1.38401269664613e-05,1.50332413601218e-05,1.47946184813897e-05,1.69422243899785e-05,2.62485166605301e-06,1.52718642388539e-05,9.30629227055157e-06,1.78967159049069e-05,3.81796605971347e-06,1.12152753004083e-05,5.7269490895702e-06,9.30629227055157e-06,5.24970333210602e-06,4.29521181717765e-06,1.69422243899785e-05,1.14538981791404e-05,1.07380295429441e-05,1.28856354515329e-05,1.38401269664613e-05,1.40787498451934e-05,7.87455499815902e-06,1.52718642388539e-05,1.78967159049069e-05,2.29077963582808e-05,0,2.19533048433524e-05,6.20419484703438e-05,1.5749109996318e-05,1.71808472687106e-05,4.22362495355802e-05,3.34072030224928e-05,0,6.18033255916117e-05,4.39066096867049e-05,6.63371602875215e-05,2.8634745447851e-05,3.53161860523496e-05,4.91563130188109e-05,4.24748724143123e-05
"38","Pennsylvania",8.1673701848824e-05,9.83051535637375e-05,0.000101662676679894,0.000146325542318065,8.94038132092768e-05,0.000120090012852286,0.000134769416243853,0.000138829676756414,0.000130318746066623,0.0001367214645672,0.000130240664133689,9.51818762463828e-05,0.000105722937192455,9.1590107331425e-05,0.00010056952961882,0.000117513309065469,0.000127273550682202,0.00013773652969534,9.76024161673327e-05,7.90189161290726e-05,0.000104239380466711,6.50422501339105e-05,0.000179354199949091,0.000142811855336041,7.37874266225035e-05,0.000114233867882246,7.35531808237019e-05,0.000123291372102575,9.29175001913007e-05,0.000128366697743276,0.000125555748157657,7.14449686344875e-05,5.70778929746562e-05,0.000124228355297781,8.18298657146917e-05,7.30846892260987e-05,9.02627144715493e-05,0.000110485935101421,9.28394182583669e-05,0.000107674985515801,4.06026051256104e-05,6.64477249267201e-05,6.17628089506881e-05,7.83942606656016e-05,8.0502472854816e-05,8.19079476476256e-05,4.02121954609411e-05,7.56613930129163e-05,5.01286009435421e-05,6.36367753411009e-05,8.79202564835333e-05,7.48805736835777e-05,6.23093824812252e-05,4.32573908453619e-05,2.82656597220596e-05,6.66038887925878e-05,6.08258257554817e-05,5.17683215351533e-05,5.96545967614737e-05,5.56724181818466e-05,3.37313950274302e-05,4.03683593268088e-05,4.52094391687085e-05,4.33354727782957e-05,4.33354727782957e-05,3.74793278082558e-05,5.38765337243677e-05,3.14670189723481e-05,3.36533130944963e-05,4.14615063878829e-05,3.48245420885043e-05,4.15395883208168e-05,4.94258635471373e-05,3.615193494838e-05,2.02232206298713e-05,3.01396261124723e-05,3.03738719112739e-05,2.42834811424324e-05,3.07642815759433e-05,4.02902773938749e-05,3.05300357771417e-05
"39","RhodeIsland",7.37717709481091e-05,7.47175628833413e-05,6.24222677253231e-05,8.9850233847056e-05,0.000109711864486932,0.000151326709637147,0.000139031414479129,0.000209020017686309,0.000261984366059311,0,0.000588282583714409,0.000298870251533365,0,0.000554234074046051,0,0.000262930157994543,0.000612873174030445,0.000296978667662901,0.000203345266074916,0.000363184103129153,0.000387774693445189,0.000322515049914169,0.00039250365312135,0.000418985827307851,0.000406690532149832,0.000293195499921972,0.000254418030577453,0.000207128433815845,0.000302653419274294,0.000353726183776831,0.000322515049914169,0.000309273962820919,0.000177808883823648,0.000165513588665629,0.000265767533800239,0.00025725540638315,0.000307382378950455,0.00023550219187281,0.000198616306398755,0.000269550701541168,0.000166459380600862,0.000155109877378076,0.000209020017686309,0.000171188340277022,0.00019199576285213,0.000203345266074916,0.00022699006445572,0.000114440824163092,0.000147543541896218,0.000383045733769028,0.000203345266074916,0.000156055669313308,0.000204291058010148,0.000106874488681235,0,0.000137139830608664,0.0001352482467382,0.000133356662867736,0.000133356662867736,0.000174025716082719,0.000103091320940306,5.95848919196266e-05,0.000114440824163092,0.000101199737069842,0.00010025394513461,0.000109711864486932,0,0,0.000190104178981666,4.63438048263762e-05,6.14764757900909e-05,0.00010025394513461,8.03923144947343e-05,0,0,0.000138085622543897,6.71512274014839e-05,4.63438048263762e-05,5.29643483730014e-05,6.43138515957874e-05,0
"40","SouthCarolina",4.13050264086637e-05,5.13362471079106e-05,2.87168278841186e-05,4.26818606222858e-05,2.59631594568743e-05,3.59943801561212e-05,3.63877613600132e-05,0,7.39556663317026e-05,5.38932249332088e-05,2.83234466802265e-05,2.14392756121159e-05,1.39650327381672e-05,3.18638775152548e-05,2.02591320004398e-05,5.40899155351548e-05,3.30440211269309e-05,2.93068996899566e-05,2.53730876510363e-05,1.35716515342752e-05,-1.37683421362212e-06,6.33343738266176e-05,3.06837339035787e-05,3.00936620977407e-05,3.59943801561212e-05,4.81891974767743e-05,2.2619419223792e-05,2.39962534374141e-05,2.89135184860646e-05,4.18950982145017e-05,3.20605681172008e-05,4.543552904953e-05,2.69466124666044e-05,2.57664688549283e-05,1.65220105634655e-05,1.86856071848717e-05,4.05182640008796e-05,4.42553854378539e-05,3.22572587191469e-05,2.39962534374141e-05,2.73399936704964e-05,2.65532312627124e-05,2.02591320004398e-05,3.12738057094168e-05,4.28785512242318e-05,4.99594128942884e-05,3.04870433016327e-05,2.47830158451982e-05,2.2422728621846e-05,2.34061816315761e-05,4.05182640008796e-05,5.05494847001265e-05,5.05494847001265e-05,3.95348109911495e-05,1.61286293595734e-05,4.68123632631522e-05,4.07149546028256e-05,3.24539493210929e-05,6.7464876467484e-05,5.17296283118026e-05,9.18545111087902e-05,5.6450202758507e-05,5.33031531273707e-05,1.00312206992469e-05,1.1014673708977e-05,0.000183315641013688,1.57352481556814e-05,0.000150271619886757,9.79519197691167e-05,8.41835776328955e-05,0.000104442709633335,0.000134142990527184,0.000143387448818647,0.000154402122527624,0.000165220105634655,0.000114670620934528,0.000120374648390963,0.000111326880701446,0.000192166718101259,0.000211442397091969,0.000225800811034028
"41","SouthDakota",2.38031816919528e-05,4.0805454329062e-05,2.49366665344268e-05,2.83371210618486e-05,3.17375755892704e-05,5.44072724387493e-05,3.62715149591662e-05,8.27443935005979e-05,6.1208181493593e-05,0.000100880150980181,0.000102013635822655,0.00011788242361729,0.000156420908261404,0.000136018181096873,0.00020402727164531,0.000162088332473774,0.000113348484247394,0.000148486514364087,0.000105414090350077,5.66742421236972e-05,7.93439389731761e-05,0.000116748938774816,0.000111081514562447,9.52127267678113e-05,0.000121282878144712,7.36765147608064e-05,3.62715149591662e-05,7.82104541307021e-05,6.80090905484366e-05,8.61448480280197e-05,8.61448480280197e-05,7.14095450758585e-05,4.87398482263796e-05,4.19389391715359e-05,6.0074696651119e-05,6.68756057059627e-05,0.000142819090151717,0.000270902877351273,0.000281104240933538,0.000140552120466769,0.000109948029719973,5.55407572812233e-05,7.82104541307021e-05,6.80090905484366e-05,0.000107681060035025,8.1610908658124e-05,3.17375755892704e-05,4.53393936989578e-05,6.57421208634888e-05,0.000104280605507603,0,0.000202893786802836,0.000122416362987186,0.00011221499940492,2.60701513769007e-05,7.59434844457543e-05,6.46086360210148e-05,9.40792419253374e-05,8.27443935005979e-05,0.000106547575192551,3.74049998016402e-05,4.64728785414317e-05,3.74049998016402e-05,0.000107681060035025,9.63462116102852e-05,3.40045452742183e-05,0.000102013635822655,8.047742381565e-05,3.74049998016402e-05,5.89412118086451e-05,9.18122722403895e-05,6.91425753909106e-05,8.72783328704937e-05,0.000103147120665129,7.36765147608064e-05,3.40045452742183e-05,4.30724240140099e-05,9.52127267678113e-05,6.68756057059627e-05,5.55407572812233e-05,7.59434844457543e-05
"42","Tennessee",8.0058965939489e-05,1.1816821540884e-05,7.97635454009669e-06,3.76661186615677e-05,4.59378937401865e-05,2.49630355051174e-05,4.97783607409738e-05,3.30871003144752e-05,4.00294829697445e-05,3.79615392000898e-05,3.5598174891913e-05,5.55390612421547e-05,1.50664474646271e-05,3.20531284296478e-05,0,5.00737812794959e-05,1.43278961183218e-05,4.81535477791022e-05,7.1048639514565e-05,2.48153252358564e-05,2.30428020047238e-05,0,0.000128803354795635,6.8242144398605e-05,6.8094434129344e-05,7.06055087067818e-05,3.70752775845235e-05,1.97931760809807e-05,4.63810245479696e-05,5.45050893573274e-05,0.000170753071265774,0.000113736907331008,7.62184989387017e-05,5.81978460888536e-05,1.75775220420649e-05,3.66321467767404e-05,2.33382225432459e-05,5.09600428950622e-05,4.83012580483633e-05,3.20531284296478e-05,8.25700405169269e-05,8.37517226710153e-05,3.82569597386119e-05,4.85966785868854e-05,3.8552380277134e-05,4.47562115860981e-05,1.41801858490608e-05,9.63070955582045e-05,5.9231817973681e-05,0,8.10929378243164e-05,6.39585465900346e-05,5.77547152810705e-05,4.81535477791022e-05,6.26291541666851e-05,5.31756969339779e-05,5.76070050118094e-05,5.81978460888536e-05,5.67207433962431e-05,7.42982654383081e-05,0,0,0.000262333438207624,7.25257422071755e-05,5.27325661261948e-05,7.00146676297376e-05,7.57753681309186e-05,4.66764450864917e-05,7.56276578616575e-05,8.41948534787984e-05,5.24371455876727e-05,6.05612103970304e-05,0.000114918589485097,6.36631260515125e-05,0.000117281953793274,9.76364879815539e-05,0.000110339571138004,5.36188277417611e-05,9.68979366352487e-05,0.000184194705768529,6.33677055129904e-05
"43","Texas",1.90231673260029e-05,2.48764495801577e-05,2.31692422560292e-05,2.90225245101839e-05,2.23679000426628e-05,2.90573654759825e-05,3.07297318343124e-05,2.96845028603562e-05,4.98574220577109e-05,3.12523463212905e-05,3.19840066030598e-05,2.27859916322452e-05,2.0834897547527e-05,2.54687459987328e-05,3.13917101844847e-05,3.37608958587854e-05,3.39002597219795e-05,2.97890257577518e-05,1.93715769839883e-05,1.71069142070832e-05,3.18098017740671e-05,2.28905145296409e-05,4.63036435462598e-05,3.45622380721518e-05,1.7803733523054e-05,2.83605461600117e-05,1.55042297803504e-05,3.29247126796204e-05,3.52590573881226e-05,4.73140315544175e-05,3.36215319955912e-05,4.26801831032117e-05,3.76630840282219e-05,2.7350158151854e-05,3.93354503865518e-05,3.53984212513168e-05,3.86037901047825e-05,4.21575686162336e-05,3.99974287367241e-05,3.01025944499387e-05,4.51887326407065e-05,3.87779949337752e-05,4.71049857596263e-05,5.08678100658686e-05,4.32376385559883e-05,6.0309711797273e-05,3.28898717138219e-05,2.72107942886598e-05,4.79063279729927e-05,4.55371422986919e-05,4.16001131634569e-05,1.69327093780905e-05,4.30982746927941e-05,3.7802447891416e-05,1.90928492576e-05,2.86044329206014e-05,4.57113471276846e-05,6.45603096246949e-05,1.76295286940613e-05,6.94380448364905e-05,6.12504178738335e-05,3.27853488164263e-05,5.98219382760934e-05,5.45957934063124e-05,5.84631406099503e-05,6.94380448364905e-05,6.69643362647941e-05,3.26808259190306e-05,3.67572189174598e-05,6.07974853184525e-05,8.95064411364496e-05,6.5535856667054e-05,7.90541513968875e-05,6.92638400074978e-05,5.60242730040525e-05,5.88115502679357e-05,0.000116995963151498,0.000143893188747971,0.000124033838242803,0.000144067393576963,0.000145879123798488
"44","Utah",0,6.26363249559885e-05,5.12479022367179e-05,5.69421135963532e-05,5.47276980676061e-05,2.43585708162177e-05,1.9297049607653e-05,3.44816132333472e-05,2.53076060428236e-06,7.8137233657218e-05,3.28998878556707e-05,3.03691272513884e-05,1.89807045321177e-05,1.7082634078906e-05,4.14412048951237e-05,4.27065851972649e-05,3.47979583088825e-05,3.92267893663766e-05,4.80844514813649e-05,4.55536908770825e-05,2.65729863449648e-05,4.68190711792237e-05,5.28296276143943e-05,5.37786628410002e-05,5.2513282538859e-05,5.53603882186767e-05,3.57469935354884e-05,3.44816132333472e-05,4.80844514813649e-05,5.53603882186767e-05,4.93498317835061e-05,4.96661768590414e-05,6.01055643517061e-05,4.49210007260119e-05,4.1757549970659e-05,4.61863810281531e-05,4.08085147440531e-05,6.16872897293826e-05,5.82074938984944e-05,4.68190711792237e-05,3.51143033844178e-05,2.21441552874707e-05,5.94728742006355e-05,4.08085147440531e-05,5.18805923877884e-05,4.90334867079708e-05,5.37786628410002e-05,4.61863810281531e-05,4.23902401217296e-05,6.07382545027767e-05,5.18805923877884e-05,5.78911488229591e-05,6.4218050333665e-05,4.1757549970659e-05,4.08085147440531e-05,3.13181624779942e-05,2.72056764960354e-05,6.80141912400885e-05,0.000108506360908606,8.50968253189945e-05,8.3515099941318e-05,6.39017052581297e-05,6.4218050333665e-05,9.33217972829121e-05,9.99650438691534e-05,0.000138875488159995,0.000172724411242271,8.47804802434592e-05,8.09843393370356e-05,7.4973782901865e-05,9.64852480382651e-05,0.000122741889307695,0.000102812149548971,0.000127803410516259,0.000105026565077718,9.33217972829121e-05,0.000104077529851112,0.000128752445742865,0.000156590812389971,0.000185378214263683,0.000203409883569195
"45","Vermont",4.47070808032585e-05,2.7143584773407e-05,8.14307543202209e-05,0.000114961064922665,8.14307543202209e-05,4.94971251750362e-05,5.10938066322954e-05,4.7900443717777e-05,3.67236735169623e-05,8.14307543202209e-05,5.10938066322954e-05,2.55469033161477e-05,3.35303106024439e-05,6.38672582903693e-06,1.11767702008146e-05,2.39502218588885e-05,7.98340728629616e-06,3.83203549742216e-05,1.59668145725923e-05,4.7900443717777e-06,3.19336291451846e-06,7.98340728629616e-06,3.19336291451846e-06,3.19336291451846e-06,2.55469033161477e-05,1.27734516580739e-05,6.38672582903693e-06,1.11767702008146e-05,0,6.38672582903693e-06,2.075685894437e-05,1.11767702008146e-05,1.75634960298516e-05,7.98340728629616e-06,7.98340728629616e-06,1.59668145725923e-06,1.27734516580739e-05,4.7900443717777e-06,3.19336291451846e-06,9.58008874355539e-06,-1.59668145725923e-06,1.59668145725923e-06,3.19336291451846e-06,4.7900443717777e-06,1.59668145725923e-06,1.59668145725923e-06,9.58008874355539e-06,0,6.38672582903693e-06,0,9.58008874355539e-06,3.19336291451846e-06,3.19336291451846e-06,3.19336291451846e-06,9.58008874355539e-06,7.98340728629616e-06,6.38672582903693e-06,4.7900443717777e-06,1.59668145725923e-06,3.19336291451846e-06,6.38672582903693e-06,3.19336291451846e-06,7.98340728629616e-06,3.19336291451846e-06,5.74805324613324e-05,1.59668145725923e-06,3.03369476879254e-05,2.7143584773407e-05,1.91601774871108e-05,1.43701331153331e-05,1.75634960298516e-05,2.39502218588885e-05,1.43701331153331e-05,9.58008874355539e-06,3.19336291451846e-06,1.59668145725923e-06,4.7900443717777e-06,-1.59668145725923e-06,7.98340728629616e-06,1.43701331153331e-05,4.7900443717777e-06
"46","Virginia",2.74722533176561e-05,2.61808226061424e-05,3.59252543384734e-05,4.63741028225392e-05,2.73548505257004e-05,2.79418644854793e-05,5.36530759237985e-05,3.63948655062966e-05,4.66089084064508e-05,5.48271038433565e-05,6.66847858308918e-05,2.31283500152917e-05,5.55315205950913e-05,5.1070214500771e-05,3.7334087841943e-05,4.56696860708044e-05,7.06764807573889e-05,6.59803690791571e-05,5.7409965266384e-05,5.25964507961964e-05,7.51377868517091e-05,7.46681756838859e-05,8.59388437116423e-05,6.99720640056541e-05,9.06349553898741e-05,7.09112863413005e-05,6.66847858308918e-05,9.40396363565922e-05,7.31419393884606e-05,0.000103901470880879,0.000123859945513364,9.8148734075045e-05,0.000109654207686713,9.63876921957081e-05,8.96957330542278e-05,8.54692325438191e-05,6.86806332941404e-05,9.06349553898741e-05,0.000100261984330249,0.000103901470880879,0.000116111361244282,8.57040381277307e-05,0.000111063041190183,0.000125268779016834,0.000100848998290028,0.000118694222667309,8.27689683288358e-05,8.82868995507582e-05,0.000117989805915574,8.9578330262272e-05,0.000144288031313673,9.54484698600617e-05,9.38048307726806e-05,5.81143820181188e-05,0.000174108340470445,0.00018960550900861,0.000106484332303907,0.000135248016333076,0.000132899960493961,0.000126560209728348,0.000116933180787972,9.28656084370342e-05,9.8735748034824e-05,7.81902594425598e-05,0.000111650055149962,7.93642873621178e-05,0.000101553415041763,0.000150745184871241,6.69195914148034e-05,5.71751596824724e-05,5.15398256685942e-05,5.51793122192239e-05,6.62151746630687e-05,7.72510371069134e-05,7.47855784758417e-05,4.46130609432023e-05,5.2244242420329e-05,5.21268396283732e-05,5.43574926755333e-05,6.51585495354665e-05,7.63118147712671e-05
"47","Washington",2.33558323428116e-05,0.000103641506021226,6.0645541935596e-05,5.32141407356105e-05,7.6702676671279e-05,6.44939461284457e-05,5.05600688784728e-05,7.74988982284203e-05,4.81714042070489e-05,6.36977245713044e-05,4.18016317499185e-05,2.32231287499547e-05,3.45029341427899e-06,2.1763389228529e-05,1.89766137785344e-05,1.52609131785417e-05,6.10436527141667e-05,3.4370230549933e-05,2.68061257570906e-05,1.80476886285362e-05,3.68915988142138e-05,2.70715329428044e-05,2.08344640785308e-05,2.9725604799942e-05,4.53846287570544e-05,2.68061257570906e-05,2.18960928213859e-05,2.07017604856739e-05,3.02564191713696e-05,3.41048233642192e-05,4.11381137856341e-05,4.85695149856196e-05,2.41520538999529e-05,3.67588952213569e-05,1.75168742571087e-05,4.1270817378491e-05,4.32613712713442e-05,2.08344640785308e-05,3.79532275570689e-05,2.87966796499438e-05,3.06545299499402e-05,2.76023473142319e-05,2.41520538999529e-05,3.46356377356467e-05,2.36212395285254e-05,4.47211107927699e-05,1.92420209642482e-05,2.36212395285254e-05,2.65407185713768e-05,2.12325748571015e-05,1.93747245571051e-05,1.96401317428188e-05,0,7.47121227784257e-05,3.14507515070815e-05,1.53936167713986e-05,2.98583083927989e-05,4.75078862427645e-05,4.07400030070634e-05,3.68915988142138e-05,4.68443682784801e-05,3.64934880356431e-05,2.38866467142391e-05,4.33940748642011e-05,3.25123802499366e-05,3.50337485142174e-05,5.9583913192741e-05,3.80859311499257e-05,4.14035209713478e-05,4.15362245642047e-05,0,5.63990269641757e-05,5.20198083998986e-05,4.87022185784765e-05,3.92802634856377e-05,4.29959640856304e-05,4.94984401356178e-05,3.35740089927917e-05,5.41430658856087e-05,5.42757694784656e-05,8.28070419426957e-05
"48","WestVirginia",1.60590796929061e-05,1.38440342180225e-05,1.16289887431389e-05,2.49192615924405e-05,2.32579774862778e-05,1.16289887431389e-05,3.71020117043003e-05,3.93170571791839e-05,1.71666024303479e-05,3.3225682123254e-05,1.6612841061627e-06,8.8601818995344e-06,9.9677046369762e-06,1.60590796929061e-05,3.43332048606958e-05,1.43977955867434e-05,2.60267843298823e-05,5.537613687209e-06,5.81449437156945e-05,6.6451364246508e-06,3.3225682123254e-06,1.71666024303479e-05,2.32579774862778e-05,1.60590796929061e-05,0,2.49192615924405e-05,4.4300909497672e-06,1.77203637990688e-05,8.3064205308135e-06,8.3064205308135e-06,1.49515569554643e-05,1.82741251677897e-05,5.537613687209e-06,1.60590796929061e-05,1.21827501118598e-05,-2.2150454748836e-06,2.49192615924405e-05,1.99354092739524e-05,0,2.04891706426733e-05,3.3225682123254e-06,6.6451364246508e-06,1.1075227374418e-05,1.60590796929061e-05,1.1075227374418e-05,1.27365114805807e-05,1.21827501118598e-05,5.537613687209e-06,0,3.59944889668585e-05,1.43977955867434e-05,6.20212732967408e-05,0,2.99031139109286e-05,8.3064205308135e-06,0,6.92201710901125e-05,1.99354092739524e-05,8.8601818995344e-06,2.10429320113942e-05,1.16289887431389e-05,9.9677046369762e-06,1.55053183241852e-05,1.16289887431389e-05,1.38440342180225e-05,9.4139432682553e-06,9.4139432682553e-06,4.4300909497672e-06,9.4139432682553e-06,4.4300909497672e-06,1.38440342180225e-05,1.27365114805807e-05,1.77203637990688e-05,1.38440342180225e-05,8.8601818995344e-06,1.77203637990688e-05,1.05214660056971e-05,1.93816479052315e-05,2.32579774862778e-05,2.7688068436045e-05,1.77203637990688e-05
"49","Wisconsin",2.47696423263648e-05,3.30261897684864e-05,4.54110109316688e-05,3.0962052907956e-06,4.9883307462818e-05,2.21894712507018e-05,2.21894712507018e-05,2.27055054658344e-05,3.02740072877792e-05,3.13060757180444e-05,2.4941653731409e-05,2.20174598456576e-05,1.49649922388454e-05,2.18454484406134e-05,2.85538932373372e-05,2.64897563768068e-05,3.06180300978676e-05,2.51136651364532e-05,2.52856765414974e-05,2.63177449717626e-05,2.16734370355692e-05,3.7842509109724e-05,3.56063608441494e-05,5.22914671334368e-05,5.69357750696302e-05,3.8702566134945e-05,2.90699274524698e-05,3.57783722491936e-05,3.97346345652102e-05,5.74518092847628e-05,7.9125246320332e-05,5.95159461452932e-05,5.22914671334368e-05,4.67871021720224e-05,5.6763763664586e-05,5.7623820689807e-05,5.40115811838788e-05,6.4504276891575e-05,6.00319803604258e-05,4.8163193412376e-05,3.42302696037958e-05,3.31982011735306e-05,5.00553188678622e-05,6.41602540814866e-05,7.0524676068122e-05,8.63497253321884e-05,6.12360601957352e-05,2.47696423263648e-05,3.40582581987516e-05,9.08220218633376e-05,8.11893831808624e-05,8.78978279775862e-05,8.27374858262602e-05,6.880456201768e-05,5.28075013485694e-05,4.79911820073318e-05,0.000103034831621476,8.80698393826304e-05,0.000126084359897399,8.99619648381166e-05,2.97579730726466e-05,2.4081596706188e-05,6.43322654865308e-05,8.30815086363486e-05,8.46296112817464e-05,6.14080716007794e-05,5.53876724242324e-05,4.54110109316688e-05,3.49183152239726e-05,4.6443079361934e-05,4.9023250437597e-05,5.72797978797186e-05,5.5043649614144e-05,4.67871021720224e-05,4.1282737210608e-05,2.99299844776908e-05,4.57550337417572e-05,4.43789425014036e-05,7.2244790118564e-05,4.78191706022876e-05,6.6224390942017e-05
"50","Wyoming",3.63487192269147e-05,3.46178278351568e-05,2.07706967010941e-05,4.3272284793946e-05,1.73089139175784e-05,2.25015880928519e-05,1.0385348350547e-05,8.65445695878921e-06,1.55780225258206e-05,1.55780225258206e-05,3.80796106186725e-05,1.55780225258206e-05,8.65445695878921e-06,1.21162397423049e-05,8.65445695878921e-06,1.55780225258206e-05,1.55780225258206e-05,6.92356556703137e-06,6.92356556703137e-06,6.92356556703137e-06,0.000218092315361488,6.92356556703137e-06,1.0385348350547e-05,3.46178278351568e-05,3.11560450516411e-05,1.90398053093363e-05,3.11560450516411e-05,2.76942622681255e-05,1.55780225258206e-05,2.42324794846098e-05,1.21162397423049e-05,2.25015880928519e-05,1.21162397423049e-05,1.73089139175784e-05,1.38471311340627e-05,4.67340675774617e-05,6.92356556703137e-06,1.55780225258206e-05,1.55780225258206e-05,1.55780225258206e-05,1.21162397423049e-05,1.0385348350547e-05,2.25015880928519e-05,2.25015880928519e-05,2.59633708763676e-05,4.3272284793946e-05,2.25015880928519e-05,2.07706967010941e-05,1.73089139175784e-05,1.90398053093363e-05,2.42324794846098e-05,3.46178278351568e-06,1.73089139175784e-05,4.3272284793946e-05,8.65445695878921e-06,1.21162397423049e-05,1.73089139175784e-05,2.76942622681255e-05,2.59633708763676e-05,1.21162397423049e-05,8.65445695878921e-06,1.21162397423049e-05,3.46178278351568e-06,5.19267417527352e-06,1.0385348350547e-05,2.07706967010941e-05,1.0385348350547e-05,1.38471311340627e-05,2.25015880928519e-05,1.73089139175784e-05,1.73089139175784e-05,5.01958503609774e-05,3.11560450516411e-05,3.98105020104304e-05,1.73089139175784e-05,3.2886936443399e-05,1.73089139175784e-05,4.3272284793946e-05,5.19267417527352e-05,5.01958503609774e-05,1.0385348350547e-05
"51","AmericanSamoa",NA,NA,NA,NA,NA,NA,NA,NA,NA,NA,NA,NA,NA,NA,NA,NA,NA,NA,NA,NA,NA,NA,NA,NA,NA,NA,NA,NA,NA,NA,NA,NA,NA,NA,NA,NA,NA,NA,NA,NA,NA,NA,NA,NA,NA,NA,NA,NA,NA,NA,NA,NA,NA,NA,NA,NA,NA,NA,NA,NA,NA,NA,NA,NA,NA,NA,NA,NA,NA,NA,NA,NA,NA,NA,NA,NA,NA,NA,NA,NA,NA
"52","Guam",NA,NA,NA,NA,NA,NA,NA,NA,NA,NA,NA,NA,NA,NA,NA,NA,NA,NA,NA,NA,NA,NA,NA,NA,NA,NA,NA,NA,NA,NA,NA,NA,NA,NA,NA,NA,NA,NA,NA,NA,NA,NA,NA,NA,NA,NA,NA,NA,NA,NA,NA,NA,NA,NA,NA,NA,NA,NA,NA,NA,NA,NA,NA,NA,NA,NA,NA,NA,NA,NA,NA,NA,NA,NA,NA,NA,NA,NA,NA,NA,NA
"53","NorthernMarianaIslands",NA,NA,NA,NA,NA,NA,NA,NA,NA,NA,NA,NA,NA,NA,NA,NA,NA,NA,NA,NA,NA,NA,NA,NA,NA,NA,NA,NA,NA,NA,NA,NA,NA,NA,NA,NA,NA,NA,NA,NA,NA,NA,NA,NA,NA,NA,NA,NA,NA,NA,NA,NA,NA,NA,NA,NA,NA,NA,NA,NA,NA,NA,NA,NA,NA,NA,NA,NA,NA,NA,NA,NA,NA,NA,NA,NA,NA,NA,NA,NA,NA
"54","PuertoRico",NA,NA,NA,NA,NA,NA,NA,NA,NA,NA,NA,NA,NA,NA,NA,NA,NA,NA,NA,NA,NA,NA,NA,NA,NA,NA,NA,NA,NA,NA,NA,NA,NA,NA,NA,NA,NA,NA,NA,NA,NA,NA,NA,NA,NA,NA,NA,NA,NA,NA,NA,NA,NA,NA,NA,NA,NA,NA,NA,NA,NA,NA,NA,NA,NA,NA,NA,NA,NA,NA,NA,NA,NA,NA,NA,NA,NA,NA,NA,NA,NA
"55","VirginIslands",NA,NA,NA,NA,NA,NA,NA,NA,NA,NA,NA,NA,NA,NA,NA,NA,NA,NA,NA,NA,NA,NA,NA,NA,NA,NA,NA,NA,NA,NA,NA,NA,NA,NA,NA,NA,NA,NA,NA,NA,NA,NA,NA,NA,NA,NA,NA,NA,NA,NA,NA,NA,NA,NA,NA,NA,NA,NA,NA,NA,NA,NA,NA,NA,NA,NA,NA,NA,NA,NA,NA,NA,NA,NA,NA,NA,NA,NA,NA,NA,NA
"56","DistrictofColumbia",0.000129545664846859,9.53797752169178e-05,0.00014805218839641,0.000206418916514225,0.000142357873458086,0.000135239979785182,0.000162287975742218,0.000325999530219018,0.000118157034970212,0.000195030286637578,0.000167982290680542,0.000138087137254344,0.000113886298766469,0.000146628609661829,0.00019787744410674,0.000217807546390872,0.000179370920557189,0.000270479959570364,0.00018079449929177,0.000190759550433836,0.000243431963613328,0.000153746503334733,0.000220654703860034,0.000237737648675004,0.000243431963613328,0.000202148180310483,7.2602515463624e-05,0.000145205030927248,0.000159440818273057,0.000308916585404047,0.000476898876084589,0.00019787744410674,0.000311763742873209,0.000219231125125453,0.000216383967656291,0.00019787744410674,0.000274750695774107,0.000348776789972311,0.000288986483119915,0.000242008384878747,0.000166558711945961,0.000136663558519763,0.000140934294723505,0.000216383967656291,0.000192183129168416,0.000243431963613328,0.00011530987750105,0.000209266073983387,0.000233466912471262,0.000166558711945961,0.000337388160095664,0.000149475767130991,0.000103921247624403,0.000204995337779644,0.000163711554476799,0.000155170082069314,0.000102497668889822,0.000122427771173954,6.54846217907197e-05,0.000254820593489974,0.000119580613704792,7.97204091365283e-05,4.1283783302845e-05,0.000185065235495512,0.00014805218839641,0.000112462720031888,9.96505114206604e-05,8.96854602785944e-05,8.11439878711092e-05,0.000121004192439373,8.96854602785944e-05,7.40260941982049e-05,9.25326177477561e-05,7.82968304019475e-05,8.256756660569e-05,4.55545195065876e-05,2.70479959570364e-05,4.1283783302845e-05,7.97204091365283e-05,6.97553579944623e-05,4.55545195065876e-05
